date,country,state,county,fips,lat,long,locationId,actuals.cases,actuals.deaths,actuals.positiveTests,actuals.negativeTests,actuals.contactTracers,actuals.hospitalBeds.capacity,actuals.hospitalBeds.currentUsageTotal,actuals.hospitalBeds.currentUsageCovid,actuals.hospitalBeds.typicalUsageRate,actuals.icuBeds.capacity,actuals.icuBeds.currentUsageTotal,actuals.icuBeds.currentUsageCovid,actuals.icuBeds.typicalUsageRate,actuals.newCases,actuals.vaccinesDistributed,actuals.vaccinationsInitiated,actuals.vaccinationsCompleted,metrics.testPositivityRatio,metrics.testPositivityRatioDetails,metrics.caseDensity,metrics.contactTracerCapacityRatio,metrics.infectionRate,metrics.infectionRateCI90,metrics.icuHeadroomRatio,metrics.icuHeadroomDetails,metrics.icuCapacityRatio,riskLevels.overall,metrics.vaccinationsInitiatedRatio,metrics.vaccinationsCompletedRatio,actuals.newDeaths,actuals.vaccinesAdministered,riskLevels.caseDensity
2020-01-21,US,,,0,,,iso1:us,1,0,,,,,,,,,,,,,,,,,,0.0,,,,,,,0,,,,,0
2020-01-22,US,,,0,,,iso1:us,1,0,,,,,,,,,,,,0,,,,,,0.0,,,,,,,0,,,0,,0
2020-01-23,US,,,0,,,iso1:us,1,0,,,,,,,,,,,,0,,,,,,0.0,,1.12,1.04,,,,0,,,0,,0
2020-01-24,US,,,0,,,iso1:us,2,0,,,,,,,,,,,,1,,,,,,0.0,,1.13,1.02,,,,0,,,0,,0
2020-01-25,US,,,0,,,iso1:us,3,0,,,,,,,,,,,,1,,,,,,0.0,,1.14,1.01,,,,0,,,0,,0
2020-01-26,US,,,0,,,iso1:us,5,0,,,,,,,,,,,,2,,,,,,0.0,,1.14,1.01,,,,0,,,0,,0
2020-01-27,US,,,0,,,iso1:us,5,0,,,,,,,,,,,,0,,,,,,0.0,,1.15,1.02,,,,0,,,0,,0
2020-01-28,US,,,0,,,iso1:us,5,0,,,,,,,,,,,,0,,,,,,0.0,,1.15,1.03,,,,0,,,0,,0
2020-01-29,US,,,0,,,iso1:us,5,0,,,,,,,,,,,,0,,,,,,0.0,,1.15,1.03,,,,0,,,0,,0
2020-01-30,US,,,0,,,iso1:us,6,0,,,,,,,,,,,,1,,,,,,0.0,,1.15,1.03,,,,0,,,0,,0
2020-01-31,US,,,0,,,iso1:us,7,0,,,,,,,,,,,,1,,,,,,0.0,,1.16,1.04,,,,0,,,0,,0
2020-02-01,US,,,0,,,iso1:us,8,0,,,,,,,,,,,,1,,,,,,0.0,,1.16,1.04,,,,0,,,0,,0
2020-02-02,US,,,0,,,iso1:us,11,0,,,,,,,,,,,,3,,,,,,0.0,,1.17,1.05,,,,0,,,0,,0
2020-02-03,US,,,0,,,iso1:us,11,0,,,,,,,,,,,,0,,,,,,0.0,,1.17,1.05,,,,0,,,0,,0
2020-02-04,US,,,0,,,iso1:us,11,0,,,,,,,,,,,,0,,,,,,0.0,,1.18,1.05,,,,0,,,0,,0
2020-02-05,US,,,0,,,iso1:us,12,0,,,,,,,,,,,,1,,,,,,0.0,,1.19,1.05,,,,0,,,0,,0
2020-02-06,US,,,0,,,iso1:us,12,0,,,,,,,,,,,,0,,,,,,0.0,,1.2,1.05,,,,0,,,0,,0
2020-02-07,US,,,0,,,iso1:us,12,0,,,,,,,,,,,,0,,,,,,0.0,,1.21,1.05,,,,0,,,0,,0
2020-02-08,US,,,0,,,iso1:us,12,0,,,,,,,,,,,,0,,,,,,0.0,,1.23,1.08,,,,0,,,0,,0
2020-02-09,US,,,0,,,iso1:us,12,0,,,,,,,,,,,,0,,,,,,0.0,,1.25,1.07,,,,0,,,0,,0
2020-02-10,US,,,0,,,iso1:us,13,0,,,,,,,,,,,,1,,,,,,0.0,,1.28,1.06,,,,0,,,0,,0
2020-02-11,US,,,0,,,iso1:us,13,0,,,,,,,,,,,,0,,,,,,0.0,,1.3,1.06,,,,0,,,0,,0
2020-02-12,US,,,0,,,iso1:us,14,0,,,,,,,,,,,,1,,,,,,0.0,,1.33,1.05,,,,0,,,0,,0
2020-02-13,US,,,0,,,iso1:us,15,0,,,,,,,,,,,,1,,,,,,0.0,,1.37,1.03,,,,0,,,0,,0
2020-02-14,US,,,0,,,iso1:us,15,0,,,,,,,,,,,,0,,,,,,0.0,,1.4,0.99,,,,0,,,0,,0
2020-02-15,US,,,0,,,iso1:us,15,0,,,,,,,,,,,,0,,,,,,0.0,,1.45,0.98,,,,0,,,0,,0
2020-02-16,US,,,0,,,iso1:us,15,0,,,,,,,,,,,,0,,,,,,0.0,,1.49,0.93,,,,0,,,0,,0
2020-02-17,US,,,0,,,iso1:us,25,0,,,,,,,,,,,,10,,,,,,0.0,,1.54,0.9,,,,0,,,0,,0
2020-02-18,US,,,0,,,iso1:us,25,0,,,,,,,,,,,,0,,,,,,0.0,,1.59,0.82,,,,0,,,0,,0
2020-02-19,US,,,0,,,iso1:us,25,0,,,,,,,,,,,,0,,,,,,0.0,,1.64,0.77,,,,0,,,0,,0
2020-02-20,US,,,0,,,iso1:us,27,0,,,,,,,,,,,,2,,,,,,0.0,,1.7,0.72,,,,0,,,0,,0
2020-02-21,US,,,0,,,iso1:us,30,0,,,,,,,,,,,,3,,,,,,0.0,,1.76,0.68,,,,0,,,0,,0
2020-02-22,US,,,0,,,iso1:us,30,0,,,,,,,,,,,,0,,,,,,0.0,,1.82,0.64,,,,0,,,0,,0
2020-02-23,US,,,0,,,iso1:us,30,0,,,,,,,,,,,,0,,,,,,0.0,,1.88,0.59,,,,0,,,0,,0
2020-02-24,US,,,0,,,iso1:us,43,0,,,,,,,,,,,,13,,,,,,0.0,,1.94,0.56,,,,0,,,0,,0
2020-02-25,US,,,0,,,iso1:us,45,0,,,,,,,,,,,,2,,,,,,0.0,,2.0,0.55,,,,0,,,0,,0
2020-02-26,US,,,0,,,iso1:us,60,0,,,,,,,,,,,,15,,,,,,0.0,,2.06,0.53,,,,0,,,0,,0
2020-02-27,US,,,0,,,iso1:us,60,0,,,,,,,,,,,,0,,,,,,0.0,,2.12,0.5,,,,0,,,0,,0
2020-02-28,US,,,0,,,iso1:us,65,0,,,,,,,,,,,,5,,,,,,0.0,,2.17,0.45,,,,0,,,0,,0
2020-02-29,US,,,0,,,iso1:us,70,1,,,,,,,,,,,,5,,,,,,0.0,,2.22,0.42,,,,0,,,1,,0
2020-03-01,US,,,0,,,iso1:us,88,3,,,,,,,,,,,,18,,,,,,0.0,,2.26,0.37,,,,0,,,2,,0
2020-03-02,US,,,0,,,iso1:us,104,6,,,,,,,,,,,,16,,,,,,0.0,,2.3,0.29,,,,0,,,3,,0
2020-03-03,US,,,0,,,iso1:us,125,10,,,,,,,,,,,,21,,,,,,0.0,,2.34,0.25,,,,0,,,4,,0
2020-03-04,US,,,0,,,iso1:us,161,12,,,,,,,,,,,,36,,,,,,0.0,,2.37,0.21,,,,0,,,2,,0
2020-03-05,US,,,0,,,iso1:us,228,12,,,,,,,,,,,,67,,,,,,0.0,,2.39,0.17,,,,0,,,0,,0
2020-03-06,US,,,0,,,iso1:us,311,15,,,,,,,,,,,,83,,,,,,0.0,,2.41,0.12,,,,0,,,3,,0
2020-03-07,US,,,0,,,iso1:us,428,19,,,,,,,,,,,,117,,,,,,0.0,,2.42,0.1,,,,0,,,4,,0
2020-03-08,US,,,0,,,iso1:us,547,22,,,,,,,,,,,,119,,,,,,0.0,,2.43,0.1,,,,0,,,3,,0
2020-03-09,US,,,0,,,iso1:us,748,26,,9707,,,,,,,,,,201,,,,,,0.0,,2.43,0.1,,,,0,,,4,,0
2020-03-10,US,,,0,,,iso1:us,1018,31,,12770,,,,,,,,,,270,,,,,,0.0,,2.42,0.12,,,,0,,,5,,0
2020-03-11,US,,,0,,,iso1:us,1263,37,,17079,,,,,,,,,,245,,,,,,0.0,,2.41,0.13,,,,0,,,6,,0
2020-03-12,US,,,0,,,iso1:us,1668,43,,25214,,,,,,,,,,405,,,,,,0.1,,2.39,0.12,,,,0,,,6,,0
2020-03-13,US,,,0,,,iso1:us,2224,50,4049,35968,,,,,,,,,,556,,,,,,0.1,,2.37,0.11,,,,0,,,7,,0
2020-03-14,US,,,0,,,iso1:us,2898,60,5256,47719,,,,,,,,,,674,,,,0.137,,0.1,,2.34,0.1,,,,0,,,10,,0
2020-03-15,US,,,0,,,iso1:us,3600,68,6631,60741,,,,,,,,,,702,,,,0.132,,0.1,,2.3,0.1,,,,0,,,8,,0
2020-03-16,US,,,0,,,iso1:us,4507,91,9342,85509,,,,,,,,,,907,,,,0.14,,0.2,,2.26,0.1,,,,0,,,23,,0
2020-03-17,US,,,0,,,iso1:us,5906,117,14097,120873,,,,,,,,,,1399,,,,0.14,,0.2,,2.21,0.1,,,,0,,,26,,0
2020-03-18,US,,,0,,,iso1:us,8350,162,20462,165284,,,,,,,,,,2444,,,,0.134,,0.3,,2.16,0.1,,,,0,,,45,,0
2020-03-19,US,,,0,,,iso1:us,12393,212,27766,218640,,,,,,,,,,4043,,,,0.125,,0.5,,2.11,0.1,,,,0,,,50,,0
2020-03-20,US,,,0,,,iso1:us,18012,277,38110,284575,,,,,,,,,,5619,,,,0.12,,0.7,,2.05,0.1,,,,0,,,65,,0
2020-03-21,US,,,0,,,iso1:us,24528,360,49779,349247,,,,,,,,,,6516,,,,0.129,,0.9,,1.99,0.1,,,,0,,,83,,0
2020-03-22,US,,,0,,,iso1:us,33073,458,62046,411305,,,,,,,,,,8545,,,,0.136,,1.3,,1.92,0.1,,,,3,,,98,,1
2020-03-23,US,,,0,,,iso1:us,43505,579,76035,477612,,,,,,,,,,10432,,,,0.145,,1.7,,1.86,0.1,,,,3,,,121,,1
2020-03-24,US,,,0,,,iso1:us,53938,785,94497,563814,,,,,,,,,,10433,,,,0.154,,2.1,,1.79,0.1,,,,3,,,206,,1
2020-03-25,US,,,0,,,iso1:us,68572,1054,114292,658899,,,,,,,,,,14634,,,,0.16,,2.6,,1.73,0.1,,,,3,,,269,,1
2020-03-26,US,,,0,,,iso1:us,85570,1353,137682,764843,,,,,,,,,,16998,,,,0.168,,3.2,,1.67,0.1,,,,3,,,299,,1
2020-03-27,US,,,0,,,iso1:us,102900,1770,162352,876227,,,,,,,,,,17330,,,,0.174,,3.7,,1.61,0.1,,,,3,,,417,,1
2020-03-28,US,,,0,,,iso1:us,123966,2300,186141,974278,,,,,,,,,,21066,,,,0.179,,4.3,,1.55,0.1,,,,3,,,530,,1
2020-03-29,US,,,0,,,iso1:us,142486,2718,208285,1062163,,,,,,,,,,18520,,,,0.183,,4.7,,1.49,0.1,,,,3,,,418,,1
2020-03-30,US,,,0,,,iso1:us,163955,3368,233450,1160442,,,,,,,,,,21469,,,,0.187,,5.2,,1.44,0.1,,,,3,,,650,,1
2020-03-31,US,,,0,,,iso1:us,188461,4304,263715,1272416,,,,,,,,,,24506,,,,0.193,,5.8,,1.39,0.1,,,,3,,,936,,1
2020-04-01,US,,,0,,,iso1:us,215391,5325,296738,1392550,,,,,,,,,,26930,,,,0.199,,6.3,,1.34,0.1,,,,3,,,1021,,1
2020-04-02,US,,,0,,,iso1:us,245108,6541,331042,1520088,,,,,,,,,,29717,,,,0.204,,6.9,,1.3,0.1,,,,3,,,1216,,1
2020-04-03,US,,,0,,,iso1:us,277426,7932,365909,1654902,,,,,,,,,,32318,,,,0.207,,7.5,,1.26,0.1,,,,3,,,1391,,1
2020-04-04,US,,,0,,,iso1:us,312525,9488,396643,1772659,,,,,,,,,,35099,,,,0.209,,8.1,,1.22,0.1,,,,3,,,1556,,1
2020-04-05,US,,,0,,,iso1:us,338141,10856,425458,1883123,,,,,,,,,,25616,,,,0.209,,8.4,,1.19,0.1,,,,3,,,1368,,1
2020-04-06,US,,,0,,,iso1:us,369057,12382,456203,1995986,,,,,,,,,,30916,,,,0.21,,8.8,,1.16,0.1,,,,3,,,1526,,1
2020-04-07,US,,,0,,,iso1:us,399394,14616,490599,2141623,,,,,,,,,,30337,,,,0.207,,9.1,,1.13,0.1,,,,3,,,2234,,1
2020-04-08,US,,,0,,,iso1:us,431214,16701,525349,2275590,,,,,,,,,,31820,,,,0.206,,9.3,,1.1,0.1,,,,3,,,2085,,1
2020-04-09,US,,,0,,,iso1:us,465913,18821,561260,2414237,,,,,,,,,,34699,,,,0.205,,9.5,,1.08,0.1,,,,3,,,2120,,1
2020-04-10,US,,,0,,,iso1:us,499386,21084,596680,2551222,,,,,,,,,,33473,,,,0.205,,9.6,,1.06,0.1,,,,3,,,2263,,1
2020-04-11,US,,,0,,,iso1:us,531106,23168,633640,2724486,,,,,,,,,,31720,,,,0.199,,9.4,,1.04,0.1,,,,2,,,2084,,1
2020-04-12,US,,,0,,,iso1:us,558249,24849,657342,2812178,,,,,,,,,,27143,,,,0.2,,9.5,,1.03,0.1,,,,2,,,1681,,1
2020-04-13,US,,,0,,,iso1:us,584018,26613,680962,2902433,,,,,,,,,,25769,,,,0.199,,9.3,,1.02,0.1,,,,2,,,1764,,1
2020-04-14,US,,,0,,,iso1:us,610709,29318,711313,3034170,,,,,,,,,,26691,,,,0.198,,9.1,,1.01,0.1,,,,2,,,2705,,1
2020-04-15,US,,,0,,,iso1:us,640742,32070,745040,3172209,,,,,,,,,,30033,,,,0.197,,9.0,,1.0,0.1,,,,2,,,2752,,1
2020-04-16,US,,,0,,,iso1:us,672355,34419,779318,3321682,,,,,,,,,,31613,,,,0.194,,8.9,,1.0,0.1,,,,2,,,2349,,1
2020-04-17,US,,,0,,,iso1:us,703864,36708,813142,3485776,,,,,,,,,,31509,,,,0.188,,8.8,,0.99,0.1,,,,2,,,2289,,1
2020-04-18,US,,,0,,,iso1:us,732262,38659,841848,3623811,,,,,,,,,,28398,,,,0.188,,8.7,,0.99,0.1,,,,2,,,1951,,1
2020-04-19,US,,,0,,,iso1:us,757596,40179,864561,3734962,,,,,,,,,,25334,,,,0.183,,8.6,,0.99,0.1,,,,2,,,1520,,1
2020-04-20,US,,,0,,,iso1:us,784991,42016,890998,3868389,,,,,,,,,,27395,,,,0.179,,8.7,,0.98,0.1,,,,2,,,1837,,1
2020-04-21,US,,,0,,,iso1:us,810505,44688,924955,4054983,,,,,,,,,,25514,,,,0.173,,8.6,,0.98,0.1,,,,2,,,2672,,1
2020-04-22,US,,,0,,,iso1:us,839336,47059,961240,4253820,,,,,,,,,,28831,,,,0.167,,8.6,,0.98,0.1,,,,2,,,2371,,1
2020-04-23,US,,,0,,,iso1:us,873112,49228,997005,4450305,,,,,,,,,,33776,,,,0.162,,8.7,,0.98,0.1,,,,2,,,2169,,1
2020-04-24,US,,,0,,,iso1:us,909853,51360,1035698,4670203,,,,,,,,,,36741,,,,0.158,,8.9,,0.98,0.1,,,,2,,,2132,,1
2020-04-25,US,,,0,,,iso1:us,944261,53327,1068159,4856630,,,,,,,,,,34408,,,,0.155,,9.1,,0.97,0.1,,,,2,,,1967,,1
2020-04-26,US,,,0,,,iso1:us,970996,54580,1094779,5000672,,,,,,,,,,26735,,,,0.154,,9.2,,0.97,0.1,,,,2,,,1253,,1
2020-04-27,US,,,0,,,iso1:us,994193,56022,1126559,5193570,,,,,,,,,,23197,,,,0.151,,9.0,,0.96,0.1,,,,2,,,1442,,1
2020-04-28,US,,,0,,,iso1:us,1018844,58416,1160640,5428012,,,,,,,,,,24651,,,,0.147,,9.0,,0.96,0.1,,,,2,,,2394,,1
2020-04-29,US,,,0,,,iso1:us,1045399,60930,1200753,5681445,,,,,,,,,,26555,,,,0.144,,8.9,,0.96,0.1,,,,2,,,2514,,1
2020-04-30,US,,,0,,,iso1:us,1075756,63140,1242551,5960946,,,,,,,,,,30357,,,,0.14,,8.7,,0.95,0.1,,,,2,,,2210,,1
2020-05-01,US,,,0,,,iso1:us,1109726,64902,1285213,6253055,,,,,,,,,,33970,,,,0.136,,8.6,,0.95,0.1,,,,2,,,1762,,1
2020-05-02,US,,,0,,,iso1:us,1139200,66485,1316378,6488712,,,,,,,,,,29474,,,,0.132,,8.4,,0.94,0.1,,,,2,,,1583,,1
2020-05-03,US,,,0,,,iso1:us,1165340,67816,1340828,6678889,,,,,,,,,,26140,,,,0.128,,8.4,,0.94,0.1,,,,2,,,1331,,1
2020-05-04,US,,,0,,,iso1:us,1187302,68905,1367794,6901743,,,,,,,,,,21962,,,,0.124,,8.3,,0.94,0.1,,,,2,,,1089,,1
2020-05-05,US,,,0,,,iso1:us,1211011,71139,1403028,7184801,,,,,,,,,,23709,,,,0.121,,8.3,,0.94,0.1,,,,2,,,2234,,1
2020-05-06,US,,,0,,,iso1:us,1235517,73847,1441082,7504855,,,,,,,,,,24506,,,,0.116,,8.2,,0.94,0.1,,,,2,,,2708,,1
2020-05-07,US,,,0,,,iso1:us,1263995,75805,1478161,7828968,,,,,,,,,,28478,,,,0.112,,8.1,,0.94,0.1,,,,2,,,1958,,1
2020-05-08,US,,,0,,,iso1:us,1291643,77380,1516030,8193342,,,,,,,,,,27648,,,,0.106,,7.8,,0.94,0.1,,,,2,,,1575,,1
2020-05-09,US,,,0,,,iso1:us,1316511,78834,1545716,8498204,,,,,,,,,,24868,,,,0.102,,7.6,,0.94,0.1,,,,2,,,1454,,1
2020-05-10,US,,,0,,,iso1:us,1336828,79766,1567363,8724887,,,,,,,,,,20317,,,,0.1,,7.4,,0.94,0.1,,,,1,,,932,,1
2020-05-11,US,,,0,,,iso1:us,1354449,80748,1593204,9018047,,,,,,,,,,17621,,,,0.096,,7.2,,0.94,0.1,,,,1,,,982,,1
2020-05-12,US,,,0,,,iso1:us,1376749,82400,1627533,9404469,,,,,,,,,,22300,,,,0.092,,7.1,,0.95,0.1,,,,1,,,1652,,1
2020-05-13,US,,,0,,,iso1:us,1397894,84168,1664108,9816859,,,,,,,,,,21145,,,,0.088,,7.0,,0.95,0.1,,,,1,,,1768,,1
2020-05-14,US,,,0,,,iso1:us,1424856,85906,1700755,10228930,,,,,,,,,,26962,,,,0.085,,6.9,,0.95,0.1,,,,1,,,1738,,1
2020-05-15,US,,,0,,,iso1:us,1451093,87499,1736400,10637343,,,,,,,,,,26237,,,,0.083,,6.9,,0.96,0.1,,,,1,,,1593,,1
2020-05-16,US,,,0,,,iso1:us,1474752,88724,1764929,10973658,,,,,,,,,,23659,,,,0.081,,6.8,,0.96,0.1,,,,1,,,1225,,1
2020-05-17,US,,,0,,,iso1:us,1493766,89568,1791402,11250801,,,,,,,,,,19014,,,,0.081,,6.8,,0.96,0.1,,,,1,,,844,,1
2020-05-18,US,,,0,,,iso1:us,1515593,90414,1817508,11576289,22363,,,,,,,,,21827,,,,0.081,,6.9,0.19,0.97,0.1,,,,1,,,846,,1
2020-05-19,US,,,0,,,iso1:us,1536570,91934,1849060,11977148,22788,,,,,,,,,20977,,,,0.079,,6.9,0.2,0.97,0.1,,,,1,,,1520,,1
2020-05-20,US,,,0,,,iso1:us,1559640,93411,1883248,12404270,23143,,,,,,,,,23070,,,,0.078,,7.0,0.2,0.97,0.1,,,,1,,,1477,,1
2020-05-21,US,,,0,,,iso1:us,1585373,94722,1916184,12829368,23919,,,,,,,,,25733,,,,0.077,,6.9,0.21,0.97,0.1,,,,1,,,1311,,1
2020-05-22,US,,,0,,,iso1:us,1609172,96010,1950855,13284652,22864,,,,,,,,,23799,,,,0.075,,6.8,0.2,0.98,0.1,,,,1,,,1288,,1
2020-05-23,US,,,0,,,iso1:us,1631440,97060,1976683,13647376,23818,,,,,,,,,22268,,,,0.073,,6.8,0.21,0.98,0.1,,,,1,,,1050,,1
2020-05-24,US,,,0,,,iso1:us,1651471,97680,1999981,13968894,23818,,,,,,,,,20031,,,,0.071,,6.8,0.21,0.98,0.1,,,,1,,,620,,1
2020-05-25,US,,,0,,,iso1:us,1670571,98190,2021538,14275374,23818,,,,,,,,,19100,,,,0.07,,6.7,0.22,0.98,0.1,,,,1,,,510,,1
2020-05-26,US,,,0,,,iso1:us,1689467,98937,2053003,14703098,23818,,,,,,,,,18896,,,,0.07,,6.6,0.22,0.99,0.1,,,,1,,,747,,1
2020-05-27,US,,,0,,,iso1:us,1708211,100422,2088512,15218825,24403,,,,,,,,,18744,,,,0.068,,6.4,0.23,0.99,0.1,,,,1,,,1485,,1
2020-05-28,US,,,0,,,iso1:us,1730723,101622,2124136,15716559,24722,,,,,,,,,22512,,,,0.067,,6.3,0.24,0.99,0.1,,,,1,,,1200,,1
2020-05-29,US,,,0,,,iso1:us,1755271,102812,2159168,16224613,24722,,,,,,,,,24548,,,,0.066,,6.3,0.24,0.99,0.1,,,,1,,,1190,,1
2020-05-30,US,,,0,,,iso1:us,1778668,103775,2187926,16647996,24722,,,,,,,,,23397,,,,0.066,,6.3,0.24,1.0,0.1,,,,1,,,963,,1
2020-05-31,US,,,0,,,iso1:us,1799302,104379,2209397,16998632,24722,,,,,,,,,20634,,,,0.065,,6.4,0.23,1.0,0.1,,,,1,,,604,,1
2020-06-01,US,,,0,,,iso1:us,1821199,105113,2235423,17410440,24722,,,,,,,,,21897,,,,0.064,,6.5,0.23,1.0,0.1,,,,1,,,734,,1
2020-06-02,US,,,0,,,iso1:us,1841990,106195,2265422,17900477,24120,,,,,,,,,20791,,,,0.062,,6.6,0.22,1.01,0.1,,,,1,,,1082,,1
2020-06-03,US,,,0,,,iso1:us,1861977,107184,2300807,18445544,24420,,,,,,,,,19987,,,,0.062,,6.6,0.22,1.01,0.1,,,,1,,,989,,1
2020-06-04,US,,,0,,,iso1:us,1883593,108192,2339792,19022909,25005,,,,,,,,,21616,,,,0.061,,6.6,0.23,1.02,0.1,,,,1,,,1008,,1
2020-06-05,US,,,0,,,iso1:us,1912302,109304,2372638,19561056,25005,,,,,,,,,28709,,,,0.06,,6.8,0.22,1.02,0.1,,,,1,,,1112,,1
2020-06-06,US,,,0,,,iso1:us,1934818,110032,2398277,19998431,24967,,,,,,,,,22516,,,,0.059,,6.7,0.22,1.03,0.1,,,,1,,,728,,1
2020-06-07,US,,,0,,,iso1:us,1953434,110422,2419196,20382179,24967,,,,,,,,,18616,,,,0.058,,6.6,0.23,1.04,0.1,,,,1,,,390,,1
2020-06-08,US,,,0,,,iso1:us,1971641,111144,2446437,20802951,24967,,,,,,,,,18207,,,,0.059,,6.5,0.23,1.05,0.1,,,,1,,,722,,1
2020-06-09,US,,,0,,,iso1:us,1990446,112174,2477862,21330394,24967,,,,,,,,,18805,,,,0.058,,6.4,0.24,1.06,0.1,,,,1,,,1030,,1
2020-06-10,US,,,0,,,iso1:us,2013298,113103,2513916,21921346,24967,,,,,,,,,22852,,,,0.058,,6.5,0.23,1.07,0.1,,,,1,,,929,,1
2020-06-11,US,,,0,,,iso1:us,2036500,113980,2551322,22497346,37481,,,,,,,,,23202,,,,0.057,,6.6,0.34,1.08,0.1,,,,1,,,877,,1
2020-06-12,US,,,0,,,iso1:us,2061993,114759,2587134,23076634,37481,,,,,,,,,25493,,,,0.058,,6.5,0.35,1.09,0.1,,,,1,,,779,,1
2020-06-13,US,,,0,,,iso1:us,2087327,115451,2618377,23575793,37481,,,,,,,,,25334,,,,0.058,,6.6,0.34,1.1,0.1,,,,1,,,692,,1
2020-06-14,US,,,0,,,iso1:us,2106457,115768,2645142,23961213,37481,,,,,,,,,19130,,,,0.059,,6.6,0.34,1.12,0.1,,,,1,,,317,,1
2020-06-15,US,,,0,,,iso1:us,2126574,116216,2680743,24430708,37481,,,,,,,,,20117,,,,0.061,,6.7,0.34,1.13,0.1,,,,1,,,448,,1
2020-06-16,US,,,0,,,iso1:us,2151459,116985,2729444,25053281,39373,,,,,,,,,24885,,,,0.063,,6.9,0.34,1.14,0.1,,,,1,,,769,,1
2020-06-17,US,,,0,,,iso1:us,2177114,117746,2781682,25705396,39373,,,,,,,,,25655,,,,0.066,,7.1,0.34,1.15,0.1,,,,1,,,761,,1
2020-06-18,US,,,0,,,iso1:us,2205173,118473,2836613,26350634,40662,,,,,,,,,28059,,,,0.069,,7.3,0.34,1.16,0.1,,,,1,,,727,,1
2020-06-19,US,,,0,,,iso1:us,2236009,119171,2891570,26998349,40807,,,,,,,,,30836,,,,0.072,,7.5,0.33,1.17,0.1,,,,1,,,698,,1
2020-06-20,US,,,0,,,iso1:us,2268034,119717,2936057,27536648,40958,,,,,,,,,32025,,,,0.074,,7.8,0.32,1.18,0.1,,,,1,,,546,,1
2020-06-21,US,,,0,,,iso1:us,2294413,119974,2968658,27924406,40958,,,,,,,,,26379,,,,0.075,,8.1,0.31,1.19,0.1,,,,2,,,257,,1
2020-06-22,US,,,0,,,iso1:us,2324879,120334,3014884,28424741,43832,,,,,,,,,30466,,,,0.077,,8.5,0.31,1.19,0.1,,,,2,,,360,,1
2020-06-23,US,,,0,,,iso1:us,2359939,121167,3069467,29069043,43840,,,,,,,,,35060,,,,0.078,,9.0,0.29,1.19,0.1,,,,2,,,833,,1
2020-06-24,US,,,0,,,iso1:us,2396928,121934,3130389,29773060,44193,,,,,,,,,36989,,,,0.079,,9.5,0.28,1.19,0.1,,,,2,,,767,,1
2020-06-25,US,,,0,,,iso1:us,2438101,124400,3197624,30475545,48364,,,,,,,,,41173,,,,0.08,,10.0,0.29,1.19,0.1,,,,2,,,,,1
2020-06-26,US,,,0,,,iso1:us,2483629,125033,3273951,31206876,48364,,,,,,,,,45528,,,,0.083,,10.7,0.27,1.19,0.1,,,,2,,,633,,2
2020-06-27,US,,,0,,,iso1:us,2525928,125544,3336228,31836352,48503,,,,,,,,,42299,,,,0.085,,11.1,0.26,1.19,0.1,,,,2,,,511,,2
2020-06-28,US,,,0,,,iso1:us,2565436,125815,3387758,32349624,48503,,,,,,,,,39508,,,,0.087,,11.7,0.25,1.18,0.1,,,,2,,,271,,2
2020-06-29,US,,,0,,,iso1:us,2604932,126162,3452512,32948096,48503,,,,,,,,,39496,,,,0.088,,12.1,0.24,1.18,0.1,,,,2,,,347,,2
2020-06-30,US,,,0,,,iso1:us,2653321,127462,3534056,33720499,48511,,,,,,,,,48389,,,,0.091,,12.6,0.23,1.17,0.1,,,,2,,,1300,,2
2020-07-01,US,,,0,,,iso1:us,2703296,128104,3624479,34512248,50439,,,,,,,,,49975,,,,0.094,,13.2,0.23,1.16,0.1,,,,2,,,642,,2
2020-07-02,US,,,0,,,iso1:us,2758855,128827,3713720,35279066,50439,,,,,,,,,55559,,,,0.097,,13.8,0.22,1.16,0.1,,,,2,,,723,,2
2020-07-03,US,,,0,,,iso1:us,2816009,129418,3796086,35995426,50439,,,,,,,,,57154,,,,0.098,,14.3,0.21,1.15,0.1,,,,2,,,591,,2
2020-07-04,US,,,0,,,iso1:us,2866015,129679,3860551,36549989,50439,,,,,,,,,50006,,,,0.1,,14.7,0.21,1.14,0.1,,,,2,,,261,,2
2020-07-05,US,,,0,,,iso1:us,2910782,129941,3919753,37016586,50439,,,,,,,,,44767,,,,0.102,,14.9,0.2,1.14,0.1,,,,2,,,262,,2
2020-07-06,US,,,0,,,iso1:us,2958098,130332,3998724,37660900,50047,,,,,,,,,47316,,,,0.104,,15.2,0.2,1.13,0.1,,,,2,,,391,,2
2020-07-07,US,,,0,,,iso1:us,3012182,131290,4090611,38470004,50076,,,,,,,,,54084,,,,0.105,,15.5,0.2,1.12,0.1,,,,2,,,958,,2
2020-07-08,US,,,0,,,iso1:us,3071637,132238,4192919,39345307,50083,,,,,,,,,59455,,,,0.105,,15.9,0.19,1.11,0.1,,,,2,,,948,,2
2020-07-09,US,,,0,,,iso1:us,3131526,133079,4297736,40248935,50083,,,,,,,,,59889,,,,0.105,,16.1,0.19,1.11,0.1,,,,2,,,841,,2
2020-07-10,US,,,0,,,iso1:us,3199753,133907,4401061,41158626,50083,,,,,,,,,68227,,,,0.105,,16.5,0.18,1.1,0.1,,,,2,,,828,,2
2020-07-11,US,,,0,,,iso1:us,3260474,134582,4488362,41909689,50083,,,,,,,,,60721,,,,0.105,,17.0,0.18,1.09,0.1,,,,2,,,675,,2
2020-07-12,US,,,0,,,iso1:us,3318279,134977,4562860,42531659,50063,,,,,,,,,57805,,,,0.104,,17.6,0.17,1.08,0.1,,,,2,,,395,,2
2020-07-13,US,,,0,,,iso1:us,3379846,135402,4653196,43306986,50063,,,,,,,,,61567,,,,0.104,,18.2,0.17,1.07,0.1,,,,2,,,425,,2
2020-07-14,US,,,0,,,iso1:us,3445448,136356,4753920,44207464,50063,,,,,,,,,65602,,,,0.104,,18.7,0.16,1.07,0.1,,,,2,,,954,,2
2020-07-15,US,,,0,,,iso1:us,3513790,137327,4855811,45137702,50063,,,,,,,,,68342,,,,0.103,,19.1,0.16,1.06,0.1,,,,2,,,971,,2
2020-07-16,US,,,0,,,iso1:us,3589477,138285,4955475,46063736,50063,,,,,,,,,75687,,,,0.102,,19.7,0.15,1.05,0.1,,,,2,,,958,,2
2020-07-17,US,,,0,,,iso1:us,3660400,139186,5058134,47004614,53103,,,,,,,,,70923,,,,0.101,,19.9,0.16,1.04,0.1,,,,2,,,901,,2
2020-07-18,US,,,0,,,iso1:us,3722851,139961,5145856,47826773,52098,,,,,,,,,62451,,,,0.1,,19.9,0.16,1.03,0.1,,,,2,,,775,,2
2020-07-19,US,,,0,,,iso1:us,3785126,140373,5212817,48476176,52098,,,,,,,,,62275,,,,0.099,,20.1,0.16,1.02,0.1,,,,2,,,412,,2
2020-07-20,US,,,0,,,iso1:us,3845014,140904,5302472,49290608,52098,,,,,,,,,59888,,,,0.098,,20.0,0.16,1.01,0.1,,,,2,,,531,,2
2020-07-21,US,,,0,,,iso1:us,3910291,142031,5400899,50224657,52120,,,,,,,,,65277,,,,0.097,,20.0,0.16,1.0,0.1,,,,2,,,1127,,2
2020-07-22,US,,,0,,,iso1:us,3980030,143167,5502125,51226757,52120,,,,,,,,,69739,,,,0.096,,20.1,0.16,0.99,0.1,,,,2,,,1136,,2
2020-07-23,US,,,0,,,iso1:us,4050036,144283,5601194,52205544,53473,,,,,,,,,70006,,,,0.095,,19.8,0.16,0.98,0.1,,,,2,,,1116,,2
2020-07-24,US,,,0,,,iso1:us,4123561,145429,5697218,53178389,52191,,,,,,,,,73525,,,,0.094,,20.0,0.16,0.98,0.1,,,,2,,,1146,,2
2020-07-25,US,,,0,,,iso1:us,4190337,146313,5778378,53973620,52191,,,,,,,,,66776,,,,0.093,,20.1,0.16,0.97,0.1,,,,2,,,884,,2
2020-07-26,US,,,0,,,iso1:us,4244554,146753,5839842,54584986,52191,,,,,,,,,54217,,,,0.093,,19.8,0.16,0.96,0.1,,,,2,,,440,,2
2020-07-27,US,,,0,,,iso1:us,4303735,148449,5910326,55305487,52191,,,,,,,,,59181,,,,0.092,,19.8,0.16,0.96,0.1,,,,2,,,1696,,2
2020-07-28,US,,,0,,,iso1:us,4366851,149776,5991098,56188951,52191,,,,,,,,,63116,,,,0.09,,19.7,0.16,0.95,0.1,,,,2,,,1327,,2
2020-07-29,US,,,0,,,iso1:us,4433633,151172,6078954,57137857,52191,,,,,,,,,66782,,,,0.089,,19.5,0.16,0.95,0.1,,,,2,,,1396,,2
2020-07-30,US,,,0,,,iso1:us,4502581,152433,6168062,58083026,52340,,,,,,,,,68948,,,,0.088,,19.5,0.16,0.94,0.1,,,,2,,,1261,,2
2020-07-31,US,,,0,,,iso1:us,4571669,153862,6249580,58988486,52340,,,,,,,,,69088,,,,0.087,,19.3,0.16,0.94,0.1,,,,2,,,1429,,2
2020-08-01,US,,,0,,,iso1:us,4628497,154917,6310487,59717616,52340,,,,,,,,,56828,,,,0.085,,18.9,0.17,0.94,0.1,,,,2,,,1055,,2
2020-08-02,US,,,0,,,iso1:us,4679291,155337,6356994,60293868,52340,,,,,,,,,50794,,,,0.083,,18.7,0.17,0.94,0.1,,,,2,,,420,,2
2020-08-03,US,,,0,,,iso1:us,4726775,155945,6418791,61005926,52340,,,,,,,,,47484,,,,0.082,,18.2,0.17,0.93,0.1,,,,2,,,608,,2
2020-08-04,US,,,0,,,iso1:us,4780324,157301,6485476,61819331,52917,,,,,,,,,53549,,,,0.081,,17.8,0.18,0.93,0.1,,,,2,,,1356,,2
2020-08-05,US,,,0,,,iso1:us,4834047,158554,6557214,62709653,52917,,,,,,,,,53723,,,,0.079,,17.3,0.19,0.93,0.1,,,,2,,,1253,,2
2020-08-06,US,,,0,,,iso1:us,4891561,159625,6628242,63625423,52917,,,,,,,,,57514,,,,0.077,,16.8,0.19,0.93,0.1,,,,2,,,1071,,2
2020-08-07,US,,,0,,,iso1:us,4952718,160981,6700298,64565510,54142,,,,,,,,,61157,,,,0.075,,16.4,0.2,0.93,0.1,,,,2,,,1356,,2
2020-08-08,US,,,0,,,iso1:us,5007958,161947,6755227,65323831,54142,,,,,,,,,55240,,,,0.073,,16.4,0.2,0.93,0.1,,,,2,,,966,,2
2020-08-09,US,,,0,,,iso1:us,5056438,162486,6797575,65906224,54142,,,,,,,,,48480,,,,0.073,,16.3,0.2,0.93,0.1,,,,2,,,539,,2
2020-08-10,US,,,0,,,iso1:us,5103611,163023,6852031,66633748,54142,,,,,,,,,47173,,,,0.071,,16.2,0.2,0.93,0.1,,,,2,,,537,,2
2020-08-11,US,,,0,,,iso1:us,5156968,164474,6912162,67479261,59000,,,,,,,,,53357,,,,0.07,,16.2,0.22,0.93,0.1,,,,2,,,1451,,2
2020-08-12,US,,,0,,,iso1:us,5211246,165952,6977636,68439273,59000,,,,,,,,,54278,,,,0.068,,16.3,0.22,0.93,0.1,,,,2,,,1478,,2
2020-08-13,US,,,0,,,iso1:us,5265307,167165,7039879,69354217,59044,,,,,,,,,54061,,,,0.067,,16.1,0.22,0.92,0.1,,,,2,,,1213,,2
2020-08-14,US,,,0,,,iso1:us,5324784,168341,7097849,70254705,59044,,,,,,,,,59477,,,,0.065,,16.0,0.22,0.92,0.1,,,,2,,,1176,,2
2020-08-15,US,,,0,,,iso1:us,5375527,169400,7143687,70974266,59044,,,,,,,,,50743,,,,0.064,,15.8,0.22,0.93,0.1,,,,2,,,1059,,2
2020-08-16,US,,,0,,,iso1:us,5417664,169914,7177618,71511382,59044,,,,,,,,,42137,,,,0.063,,15.6,0.23,0.93,0.1,,,,2,,,514,,2
2020-08-17,US,,,0,,,iso1:us,5455187,170449,7220215,72143218,59044,,,,,,,,,37523,,,,0.063,,15.2,0.24,0.93,0.1,,,,2,,,535,,2
2020-08-18,US,,,0,,,iso1:us,5498420,171798,7272173,72983827,59044,,,,,,,,,43233,,,,0.061,,14.7,0.24,0.93,0.1,,,,2,,,1349,,2
2020-08-19,US,,,0,,,iso1:us,5541433,173093,7328045,73930160,59044,,,,,,,,,43013,,,,0.06,,14.2,0.25,0.93,0.1,,,,2,,,1295,,2
2020-08-20,US,,,0,,,iso1:us,5587462,174136,7383216,74867823,59044,,,,,,,,,46029,,,,0.059,,13.9,0.26,0.93,0.1,,,,2,,,1043,,2
2020-08-21,US,,,0,,,iso1:us,5636491,175297,7438552,75774910,59044,,,,,,,,,49029,,,,0.058,,13.4,0.27,0.94,0.1,,,,2,,,1161,,2
2020-08-22,US,,,0,,,iso1:us,5681517,176247,7481316,76523877,59010,,,,,,,,,45026,,,,0.057,,13.2,0.27,0.94,0.1,,,,2,,,950,,2
2020-08-23,US,,,0,,,iso1:us,5713850,176693,7511993,77053246,59010,,,,,,,,,32333,,,,0.057,,12.8,0.28,0.94,0.1,,,,2,,,446,,2
2020-08-24,US,,,0,,,iso1:us,5754254,177197,7550223,77679389,59010,,,,,,,,,40404,,,,0.056,,12.9,0.28,0.94,0.1,,,,2,,,504,,2
2020-08-25,US,,,0,,,iso1:us,5793437,178410,7599542,78532628,59010,,,,,,,,,39183,,,,0.056,,12.7,0.28,0.95,0.1,,,,2,,,1213,,2
2020-08-26,US,,,0,,,iso1:us,5838756,179603,7658079,79488677,59010,,,,,,,,,45319,,,,0.056,,12.8,0.28,0.95,0.1,,,,2,,,1193,,2
2020-08-27,US,,,0,,,iso1:us,5884368,180729,7712189,80452356,59010,,,,,,,,,45612,,,,0.056,,12.8,0.28,0.95,0.1,,,,2,,,1126,,2
2020-08-28,US,,,0,,,iso1:us,5930932,181739,7768149,81380887,59010,,,,,,,,,46564,,,,0.056,,12.7,0.28,0.95,0.1,,,,2,,,1010,,2
2020-08-29,US,,,0,,,iso1:us,5975541,182610,7810224,82135346,59010,,,,,,,,,44609,,,,0.055,,12.7,0.28,0.95,0.1,,,,2,,,871,,2
2020-08-30,US,,,0,,,iso1:us,6008970,182984,7841705,82716960,59010,,,,,,,,,33429,,,,0.055,,12.7,0.28,0.96,0.1,,,,2,,,374,,2
2020-08-31,US,,,0,,,iso1:us,6045457,183472,7879280,83338888,59010,,,,,,,,,36487,,,,0.055,,12.5,0.28,0.96,0.1,,,,2,,,488,,2
2020-09-01,US,,,0,,,iso1:us,6089506,184563,7927549,84195498,59010,,,,,,,,,44049,,,,0.055,,12.8,0.28,0.96,0.1,,,,2,,,1091,,2
2020-09-02,US,,,0,,,iso1:us,6121950,185639,7981589,85165251,59373,,,,,,,,,32444,,,,0.054,,12.2,0.29,0.96,0.1,,,,2,,,1076,,2
2020-09-03,US,,,0,,,iso1:us,6168347,186717,8035026,86141336,59373,,,,,,,,,46397,,,,0.054,,12.2,0.29,0.97,0.1,,,,2,,,1078,,2
2020-09-04,US,,,0,,,iso1:us,6220448,187697,8085002,87087826,59373,,,,,,,,,52101,,,,0.053,,12.5,0.29,0.97,0.1,,,,2,,,980,,2
2020-09-05,US,,,0,,,iso1:us,6262701,188409,8124942,87862078,59373,,,,,,,,,42253,,,,0.052,,12.4,0.29,0.98,0.1,,,,2,,,712,,2
2020-09-06,US,,,0,,,iso1:us,6292699,188820,8153152,88398083,59373,,,,,,,,,29998,,,,0.052,,12.2,0.29,0.98,0.1,,,,2,,,411,,2
2020-09-07,US,,,0,,,iso1:us,6317865,189083,8175059,88789599,59373,,,,,,,,,25166,,,,0.051,,11.7,0.31,0.99,0.1,,,,2,,,263,,2
2020-09-08,US,,,0,,,iso1:us,6346807,189541,8207007,89419243,59373,,,,,,,,,28942,,,,0.051,,11.1,0.32,1.0,0.1,,,,2,,,458,,2
2020-09-09,US,,,0,,,iso1:us,6380139,190716,8253041,90329515,59373,,,,,,,,,33332,,,,0.05,,11.1,0.32,1.0,0.1,,,,2,,,1175,,2
2020-09-10,US,,,0,,,iso1:us,6418200,191631,8302339,91365236,59373,,,,,,,,,38061,,,,0.049,,10.8,0.33,1.01,0.1,,,,2,,,915,,2
2020-09-11,US,,,0,,,iso1:us,6465767,192858,8349711,92414963,59373,,,,,,,,,47567,,,,0.047,,10.6,0.34,1.02,0.1,,,,2,,,1227,,2
2020-09-12,US,,,0,,,iso1:us,6504871,193559,8389781,93238588,59373,,,,,,,,,39104,,,,0.047,,10.4,0.34,1.03,0.1,,,,2,,,701,,2
2020-09-13,US,,,0,,,iso1:us,6538214,193958,8418846,93835861,59373,,,,,,,,,33343,,,,0.047,,10.6,0.34,1.03,0.1,,,,2,,,399,,2
2020-09-14,US,,,0,,,iso1:us,6575101,194408,8453274,94508120,59373,,,,,,,,,36887,,,,0.046,,11.1,0.32,1.04,0.1,,,,2,,,450,,2
2020-09-15,US,,,0,,,iso1:us,6614318,195689,8496854,95429384,59373,,,,,,,,,39217,,,,0.046,,11.5,0.31,1.04,0.1,,,,2,,,1281,,2
2020-09-16,US,,,0,,,iso1:us,6653586,196686,8548293,96515073,59373,,,,,,,,,39268,,,,0.046,,11.8,0.3,1.04,0.1,,,,2,,,997,,2
2020-09-17,US,,,0,,,iso1:us,6698896,197535,8601206,97617397,59373,,,,,,,,,45310,,,,0.046,,12.1,0.3,1.05,0.1,,,,2,,,849,,2
2020-09-18,US,,,0,,,iso1:us,6747783,198484,8653857,98791552,59373,,,,,,,,,48887,,,,0.046,,12.2,0.29,1.05,0.1,,,,2,,,949,,2
2020-09-19,US,,,0,,,iso1:us,6789594,199154,8695319,99686868,59760,,,,,,,,,41811,,,,0.045,,12.3,0.29,1.05,0.1,,,,2,,,670,,2
2020-09-20,US,,,0,,,iso1:us,6825950,199367,8725360,100279765,59760,,,,,,,,,36356,,,,0.045,,12.4,0.29,1.05,0.1,,,,2,,,213,,2
2020-09-21,US,,,0,,,iso1:us,6880902,199797,8762070,100990638,59892,,,,,,,,,54952,,,,0.045,,13.2,0.27,1.05,0.1,,,,2,,,430,,2
2020-09-22,US,,,0,,,iso1:us,6918293,200738,8809517,101970381,59903,,,,,,,,,37391,,,,0.046,,13.1,0.28,1.05,0.1,,,,2,,,941,,2
2020-09-23,US,,,0,,,iso1:us,6959842,201828,8863810,103118379,59903,,,,,,,,,41549,,,,0.046,,13.2,0.27,1.04,0.1,,,,2,,,1090,,2
2020-09-24,US,,,0,,,iso1:us,7005046,202713,8918358,104263655,60757,,,,,,,,,45204,,,,0.046,,13.2,0.28,1.04,0.1,,,,2,,,885,,2
2020-09-25,US,,,0,,,iso1:us,7059627,203566,8970404,105338906,60757,,,,,,,,,54581,,,,0.046,,13.4,0.27,1.04,0.1,,,,2,,,853,,2
2020-09-26,US,,,0,,,iso1:us,7102322,204335,9014061,106232353,60757,,,,,,,,,42695,,,,0.046,,13.5,0.27,1.04,0.1,,,,2,,,769,,2
2020-09-27,US,,,0,,,iso1:us,7139620,204602,9045741,106797046,60757,,,,,,,,,37298,,,,0.047,,13.5,0.27,1.05,0.1,,,,2,,,267,,2
2020-09-28,US,,,0,,,iso1:us,7176980,204952,9083254,107425663,60757,,,,,,,,,37360,,,,0.048,,12.8,0.29,1.05,0.1,,,,2,,,350,,2
2020-09-29,US,,,0,,,iso1:us,7220677,205878,9130630,108361552,60757,,,,,,,,,43697,,,,0.048,,13.0,0.28,1.05,0.1,,,,2,,,926,,2
2020-09-30,US,,,0,,,iso1:us,7262735,206852,9186794,109504728,60757,,,,,,,,,42058,,,,0.048,,13.1,0.28,1.05,0.1,,,,2,,,974,,2
2020-10-01,US,,,0,,,iso1:us,7309153,207699,9243750,110670626,60757,,,,,,,,,46418,,,,0.048,,13.1,0.28,1.05,0.1,,,,2,,,847,,2
2020-10-02,US,,,0,,,iso1:us,7362733,208564,9299476,111805310,60757,,,,,,,,,53580,,,,0.048,,13.1,0.28,1.06,0.1,,,,2,,,865,,2
2020-10-03,US,,,0,,,iso1:us,7410512,209273,9344431,112735389,60757,,,,,,,,,47779,,,,0.048,,13.3,0.28,1.06,0.1,,,,2,,,709,,2
2020-10-04,US,,,0,,,iso1:us,7445575,209606,9376743,113343571,60757,,,,,,,,,35063,,,,0.048,,13.2,0.28,1.07,0.1,,,,2,,,333,,2
2020-10-05,US,,,0,,,iso1:us,7507988,210035,9417961,114107667,60757,,,,,,,,,62413,,,,0.048,,14.3,0.26,1.07,0.1,,,,2,,,429,,2
2020-10-06,US,,,0,,,iso1:us,7550850,210756,9475202,115275673,61422,,,,,,,,,42862,,,,0.047,,14.2,0.26,1.07,0.1,,,,2,,,721,,2
2020-10-07,US,,,0,,,iso1:us,7603867,211752,9542127,116618861,61422,,,,,,,,,53017,,,,0.048,,14.7,0.25,1.08,0.1,,,,2,,,996,,2
2020-10-08,US,,,0,,,iso1:us,7660249,212680,9611475,117976036,61422,,,,,,,,,56382,,,,0.048,,15.1,0.24,1.08,0.1,,,,2,,,928,,2
2020-10-09,US,,,0,,,iso1:us,7719211,213595,9681678,119302593,61422,,,,,,,,,58962,,,,0.049,,15.4,0.24,1.08,0.1,,,,2,,,915,,2
2020-10-10,US,,,0,,,iso1:us,7770859,214187,9739606,120344414,61422,,,,,,,,,51648,,,,0.049,,15.5,0.24,1.09,0.1,,,,2,,,592,,2
2020-10-11,US,,,0,,,iso1:us,7815642,214606,9784304,121046041,61422,,,,,,,,,44783,,,,0.05,,15.9,0.23,1.09,0.1,,,,2,,,419,,2
2020-10-12,US,,,0,,,iso1:us,7863658,214957,9836821,121799333,61422,,,,,,,,,48016,,,,0.052,,15.3,0.24,1.09,0.1,,,,2,,,351,,2
2020-10-13,US,,,0,,,iso1:us,7918051,215783,9900638,122795928,61422,,,,,,,,,54393,,,,0.054,,15.8,0.23,1.1,0.1,,,,2,,,826,,2
2020-10-14,US,,,0,,,iso1:us,7977904,216792,9970589,123947594,61422,,,,,,,,,59853,,,,0.055,,16.1,0.23,1.1,0.1,,,,2,,,1009,,2
2020-10-15,US,,,0,,,iso1:us,8043257,217585,10043392,125173854,61422,,549790,42128,,82492,58614,9130,,65353,,,,0.057,,16.5,0.22,1.1,0.1,0.28,,0.71,2,,,793,,2
2020-10-16,US,,,0,,,iso1:us,8113721,218476,10117428,126420490,61422,,547942,42495,,83092,59214,9170,,70464,,,,0.058,,17.0,0.22,1.11,0.1,0.28,,0.71,2,,,891,,2
2020-10-17,US,,,0,,,iso1:us,8166482,219154,10181176,127465197,61422,,530609,43783,,84985,60061,9199,,52761,,,,0.058,,17.0,0.22,1.11,0.1,0.27,,0.71,2,,,678,,2
2020-10-18,US,,,0,,,iso1:us,8214364,219541,10230938,128180208,61422,,515368,42232,,82576,56384,9399,,47882,,,,0.059,,17.2,0.22,1.12,0.1,0.26,,0.68,2,,,387,,2
2020-10-19,US,,,0,,,iso1:us,8279804,220058,10289528,128991106,61422,,513815,43514,,83535,56863,9723,,65440,,,,0.059,,17.9,0.21,1.12,0.1,0.27,,0.68,2,,,517,,2
2020-10-20,US,,,0,,,iso1:us,8340398,220987,10367220,130180233,61422,,536436,44743,,83744,59325,9876,,60594,,,,0.059,,18.2,0.2,1.12,0.1,0.29,,0.71,2,,,929,,2
2020-10-21,US,,,0,,,iso1:us,8404635,222195,10458396,131561098,61422,,555864,45548,,83841,59642,10083,,64237,,,,0.06,,18.4,0.2,1.13,0.1,0.29,,0.71,2,,,1208,,2
2020-10-22,US,,,0,,,iso1:us,8479765,223023,10554439,132990285,61422,,558380,45551,,84224,59681,10270,,75130,,,,0.061,,18.8,0.2,1.13,0.1,0.3,,0.71,2,,,828,,2
2020-10-23,US,,,0,,,iso1:us,8565062,223953,10649779,134354394,62396,,555050,45801,,84660,60218,10338,,85297,,,,0.063,,19.5,0.19,1.14,0.1,0.3,,0.71,2,,,930,,2
2020-10-24,US,,,0,,,iso1:us,8643641,224825,10731114,135448202,62396,,536372,46025,,84093,58456,10347,,78579,,,,0.064,,20.6,0.18,1.14,0.1,0.29,,0.7,2,,,872,,2
2020-10-25,US,,,0,,,iso1:us,8703356,225164,10793869,136175871,62396,,529300,46743,,85033,57792,10549,,59715,,,,0.066,,21.1,0.18,1.15,0.1,0.28,,0.68,2,,,339,,2
2020-10-26,US,,,0,,,iso1:us,8777994,225701,10866922,137052431,62396,,511977,48161,,85250,57811,10822,,74638,,,,0.067,,21.5,0.18,1.15,0.1,0.28,,0.68,2,,,537,,2
2020-10-27,US,,,0,,,iso1:us,8852381,226684,10959765,138292716,62396,,535884,49877,,85965,60422,11126,,74387,,,,0.068,,22.1,0.17,1.16,0.1,0.3,,0.7,2,,,983,,2
2020-10-28,US,,,0,,,iso1:us,8934263,227702,11066336,139684789,62396,,571542,51619,,86840,61858,11362,,81882,,,,0.07,,22.8,0.16,1.16,0.1,0.31,,0.71,2,,,1018,,2
2020-10-29,US,,,0,,,iso1:us,9024932,228706,11175751,141055963,62396,,570438,51656,,86867,62074,11522,,90669,,,,0.072,,23.5,0.16,1.17,0.1,0.32,,0.71,2,,,1004,,2
2020-10-30,US,,,0,,,iso1:us,9124800,229674,11287595,142439833,62396,,564154,52576,,86165,61520,11557,,99868,,,,0.073,,24.1,0.16,1.17,0.1,0.32,,0.71,2,,,968,,2
2020-10-31,US,,,0,,,iso1:us,9209007,230512,11385824,143557857,62396,,535653,52498,,85888,60158,11618,,84207,,,,0.075,,24.4,0.15,1.18,0.1,0.31,,0.7,2,,,838,,2
2020-11-01,US,,,0,,,iso1:us,9283202,230940,11466766,144373267,62396,,526749,53116,,85690,58730,11852,,74195,,,,0.076,,25.0,0.15,1.18,0.1,0.31,,0.69,2,,,428,,2
2020-11-02,US,,,0,,,iso1:us,9377208,231480,11562052,145290687,62396,,511644,55686,,85917,58813,12382,,94006,,,,0.078,,25.8,0.15,1.18,0.1,0.31,,0.68,3,,,540,,3
2020-11-03,US,,,0,,,iso1:us,9469624,232610,11681302,146534729,62396,,532661,57862,,86424,61427,12749,,92416,,,,0.08,,26.6,0.14,1.19,0.1,0.34,,0.71,3,,,1130,,3
2020-11-04,US,,,0,,,iso1:us,9577702,234226,11823911,148020788,62396,,568271,60180,,86399,62130,12853,,108078,,,,0.083,,27.7,0.14,1.19,0.1,0.35,,0.72,3,,,1616,,3
2020-11-05,US,,,0,,,iso1:us,9699051,235334,11979048,149557343,62396,,573315,61153,,86662,62517,13068,,121349,,,,0.086,,29.1,0.13,1.19,0.1,0.35,,0.72,3,,,1108,,3
2020-11-06,US,,,0,,,iso1:us,9831874,236582,12134607,151075436,62396,,572144,62366,,86696,62377,13203,,132823,,,,0.089,,30.5,0.12,1.18,0.1,0.35,,0.72,3,,,1248,,3
2020-11-07,US,,,0,,,iso1:us,9957805,237589,12278222,152384360,62396,,558194,63619,,86288,61001,13320,,125931,,,,0.092,,32.3,0.12,1.18,0.1,0.35,,0.71,3,,,1007,,3
2020-11-08,US,,,0,,,iso1:us,10061218,238053,12392285,153279388,62396,,546045,65053,,86427,60525,13840,,103413,,,,0.094,,33.5,0.11,1.18,0.1,0.35,,0.7,3,,,464,,3
2020-11-09,US,,,0,,,iso1:us,10191667,238798,12539098,154353407,62396,,524803,67362,,86328,60937,14233,,130449,,,,0.097,,35.1,0.11,1.17,0.1,0.36,,0.71,3,,,745,,3
2020-11-10,US,,,0,,,iso1:us,10331417,240262,12706411,155721032,62396,,552955,71505,,86526,63631,14672,,139750,,,,0.1,,37.1,0.1,1.16,0.1,0.39,,0.74,3,,,1464,,3
2020-11-11,US,,,0,,,iso1:us,10474295,241693,12901400,157313115,62396,,598963,74818,,87632,65307,15117,,142878,,,,0.104,,38.6,0.1,1.15,0.1,0.4,,0.75,3,,,1431,,3
2020-11-12,US,,,0,,,iso1:us,10637946,242865,13103812,158959600,62396,,600050,76328,,87926,64962,15593,,163651,,,,0.107,,40.5,0.09,1.14,0.1,0.4,,0.74,3,,,1172,,3
2020-11-13,US,,,0,,,iso1:us,10819442,244255,13304163,160659770,62396,,598206,76976,,87983,64841,15865,,181496,,,,0.109,,42.6,0.09,1.13,0.1,0.41,,0.74,3,,,1390,,3
2020-11-14,US,,,0,,,iso1:us,10978475,245465,13471353,162087687,62396,,574739,77791,,87439,63608,16238,,159033,,,,0.109,,44.0,0.09,1.12,0.1,0.41,,0.73,3,,,1210,,3
2020-11-15,US,,,0,,,iso1:us,11113661,246088,13606777,163147533,62396,,559173,79884,,86954,62282,16808,,135186,,,,0.11,,45.4,0.08,1.11,0.1,0.41,,0.72,3,,,623,,3
2020-11-16,US,,,0,,,iso1:us,11280224,246884,13768638,164472432,62396,,538170,83414,,87474,62704,17537,,166563,,,,0.108,,46.9,0.08,1.1,0.1,0.41,,0.72,3,,,796,,3
2020-11-17,US,,,0,,,iso1:us,11441855,248491,13963454,166177960,62396,,558504,85869,,88097,65333,18087,,161631,,,,0.107,,47.9,0.08,1.09,0.1,0.44,,0.74,3,,,1607,,3
2020-11-18,US,,,0,,,iso1:us,11614135,250415,14175133,168060414,62396,,601720,88442,,88243,66253,18330,,172280,,,,0.106,,49.1,0.08,1.08,0.1,0.45,,0.75,3,,,1924,,3
2020-11-19,US,,,0,,,iso1:us,11801643,252376,14388417,169917152,62396,,599471,89207,,88289,66248,18741,,187508,,,,0.105,,50.2,0.08,1.07,0.1,0.46,,0.75,3,,,1961,,3
2020-11-20,US,,,0,,,iso1:us,12000502,254333,14595938,171853807,62396,,594759,90392,,87825,66011,18915,,198859,,,,0.103,,50.9,0.07,1.06,0.1,0.46,,0.75,3,,,1957,,3
2020-11-21,US,,,0,,,iso1:us,12172435,255758,14774147,173527553,62396,,576467,90691,,87858,65288,19091,,171933,,,,0.102,,51.5,0.07,1.06,0.1,0.46,,0.74,3,,,1425,,3
2020-11-22,US,,,0,,,iso1:us,12313229,256601,14916679,174803338,62396,,561965,92455,,87668,63874,19658,,140794,,,,0.101,,51.7,0.07,1.06,0.1,0.45,,0.73,3,,,843,,3
2020-11-23,US,,,0,,,iso1:us,12492852,257639,15084498,176304694,62396,,535822,93987,,87676,64108,20176,,179623,,,,0.1,,52.3,0.07,1.05,0.1,0.46,,0.73,3,,,1038,,3
2020-11-24,US,,,0,,,iso1:us,12670710,259848,15278664,178075649,62396,,554494,96656,,88133,66353,20573,,177858,,,,0.1,,53.0,0.07,1.05,0.1,0.49,,0.75,3,,,2209,,3
2020-11-25,US,,,0,,,iso1:us,12851300,262161,15498355,180074510,62396,,584498,97888,,88216,66065,20831,,180590,,,,0.099,,53.3,0.07,1.05,0.1,0.48,,0.75,3,,,2313,,3
2020-11-26,US,,,0,,,iso1:us,12954294,263339,15658939,181416704,62396,,554944,96788,,87837,64510,21026,,102994,,,,0.099,,49.7,0.08,1.06,0.1,0.47,,0.73,3,,,1178,,3
2020-11-27,US,,,0,,,iso1:us,13160133,264751,15830346,182752336,62396,,539965,97753,,87504,63160,21329,,205839,,,,0.102,,50.0,0.08,1.06,0.1,0.47,,0.72,3,,,1412,,3
2020-11-28,US,,,0,,,iso1:us,13311541,265943,15986627,183939851,62396,,541695,99985,,88131,63632,21484,,151408,,,,0.104,,49.1,0.08,1.06,0.1,0.47,,0.72,3,,,1192,,3
2020-11-29,US,,,0,,,iso1:us,13447663,266761,16132386,184942421,62396,,547117,102392,,87640,63864,21920,,136122,,,,0.107,,48.9,0.08,1.07,0.1,0.48,,0.73,3,,,818,,3
2020-11-30,US,,,0,,,iso1:us,13615321,268031,16313894,186221363,62396,,529710,104413,,87809,64669,22499,,167658,,,,0.11,,48.4,0.08,1.07,0.1,0.49,,0.74,3,,,1270,,3
2020-12-01,US,,,0,,,iso1:us,13799549,270639,16532261,187840200,62396,,558972,106895,,88287,67138,22869,,184228,,,,0.114,,48.6,0.08,1.07,0.1,0.52,,0.76,3,,,2608,,3
2020-12-02,US,,,0,,,iso1:us,14000721,273525,16783951,189680355,62396,,601545,108559,,88454,67668,22962,,201172,,,,0.118,,49.5,0.08,1.07,0.1,0.52,,0.77,3,,,2886,,3
2020-12-03,US,,,0,,,iso1:us,14218459,276381,17041667,191564169,62396,,604362,108091,,88621,68118,23042,,217738,,,,0.12,,54.5,0.07,1.07,0.1,0.53,,0.77,3,,,2856,,3
2020-12-04,US,,,0,,,iso1:us,14449827,279018,17287823,193429937,67410,,601244,108018,,88863,68071,23121,,231368,,,,0.12,,55.6,0.07,1.07,0.1,0.53,,0.77,3,,,2637,,3
2020-12-05,US,,,0,,,iso1:us,14655535,281208,17485505,194919493,67410,,583935,107243,,88474,67300,23170,,205708,,,,0.12,,57.9,0.07,1.07,0.1,0.52,,0.76,3,,,2190,,3
2020-12-06,US,,,0,,,iso1:us,14827456,282319,17649368,196045545,67410,,569873,108631,,88237,66198,23434,,171921,,,,0.12,,59.5,0.07,1.07,0.1,0.52,,0.75,3,,,1111,,3
2020-12-07,US,,,0,,,iso1:us,15031979,283853,17834513,197395443,67410,,544630,110138,,88196,66491,23892,,204523,,,,0.12,,61.1,0.07,1.06,0.1,0.52,,0.75,3,,,1534,,3
2020-12-08,US,,,0,,,iso1:us,15251693,286674,18053054,199085269,67410,,565492,112377,,88832,68636,24194,,219714,,,,0.119,,62.6,0.06,1.05,0.1,0.55,,0.77,3,,,2821,,3
2020-12-09,US,,,0,,,iso1:us,15471409,289830,18299290,200956813,67410,,607811,114830,,88642,69209,24613,,219716,,,,0.118,,63.4,0.06,1.05,0.1,0.56,,0.78,3,,,3156,,3
2020-12-10,US,,,0,,,iso1:us,15696634,292771,18550417,202881163,67410,,608977,115700,,88827,69442,24635,,225225,,,,0.118,,63.7,0.06,1.04,0.1,0.56,,0.78,3,,,2941,,3
2020-12-11,US,,,0,,,iso1:us,15977147,295726,18785344,204696000,67410,,604053,115840,,89080,69359,24745,,280513,,,,0.117,,65.8,0.06,1.03,0.1,0.56,,0.78,3,,,2955,,3
2020-12-12,US,,,0,,,iso1:us,16184679,297981,18992347,206205360,67410,,587300,115362,,88844,68504,24631,,207532,,,,0.118,,65.9,0.06,1.02,0.1,0.55,,0.77,3,,,2255,,3
2020-12-13,US,,,0,,,iso1:us,16368898,299338,19157278,207285751,67410,,574545,117707,,88502,67125,25071,,184219,,,,0.118,,66.4,0.06,1.01,0.1,0.54,,0.76,3,,,1357,,3
2020-12-14,US,,,0,,,iso1:us,16569783,301016,19346064,208584216,67410,,545481,118769,,88404,67468,25558,,200885,,14672,1437,0.119,,66.3,0.06,1.0,0.1,0.55,,0.76,3,0.0,0.0,1678,,3
2020-12-15,US,,,0,,,iso1:us,16772936,304041,19580688,210286498,67410,,570047,120523,,88935,69321,25810,,203153,,60635,1474,0.12,,65.6,0.06,0.99,0.1,0.57,,0.78,3,0.0,0.0,3025,,3
2020-12-16,US,,,0,,,iso1:us,17017763,307652,19817616,212119636,67410,,608777,122436,,89420,69658,25967,,244827,,212962,1685,0.12,,66.6,0.06,0.99,0.1,0.57,,0.78,3,0.001,0.0,3611,,3
2020-12-17,US,,,0,,,iso1:us,17255472,310950,20058406,213923668,67410,,606975,123186,,89571,69687,25888,,237709,,473678,2203,0.12,,67.2,0.06,0.98,0.1,0.57,,0.78,3,0.001,0.0,3298,,3
2020-12-18,US,,,0,,,iso1:us,17506662,313820,20296347,215699663,67410,,605025,121316,,89515,69414,25946,,251190,,876137,2812,0.121,,65.9,0.06,0.98,0.1,0.56,,0.78,3,0.003,0.0,2870,,3
2020-12-19,US,,,0,,,iso1:us,17700567,316381,20491091,217209926,67410,,585812,120263,,89580,68423,25800,,193905,,1051960,3539,0.12,,65.3,0.06,0.98,0.1,0.55,,0.76,3,0.003,0.0,2561,,3
2020-12-20,US,,,0,,,iso1:us,17880478,317810,20650354,218322029,67410,,571113,121753,,89299,67230,26053,,179911,,1152967,4080,0.119,,65.1,0.06,0.98,0.1,0.54,,0.75,3,0.003,0.0,1429,,3
2020-12-21,US,,,0,,,iso1:us,18081996,319773,20840710,219652758,67410,,540922,123106,,89376,67526,26427,,201518,,1522462,4922,0.119,,65.2,0.06,0.98,0.1,0.55,,0.76,3,0.005,0.0,1963,,3
2020-12-22,US,,,0,,,iso1:us,18283633,323012,21068037,221405500,67410,,562383,127256,,89642,69248,26727,,201637,,1958731,7014,0.118,,65.1,0.06,0.99,0.1,0.57,,0.77,3,0.006,0.0,3239,,3
2020-12-23,US,,,0,,,iso1:us,18511396,326424,21323285,223421477,67410,,589901,127739,,89476,68839,26923,,227763,,2510961,8682,0.118,,64.4,0.06,0.99,0.1,0.57,,0.77,3,0.008,0.0,3412,,3
2020-12-24,US,,,0,,,iso1:us,18704907,329248,21544707,225084122,67410,,562960,125421,,89510,67747,26709,,193511,,2698462,9550,0.118,,62.5,0.07,1.0,0.1,0.55,,0.76,3,0.008,0.0,2824,,3
2020-12-25,US,,,0,,,iso1:us,18805838,330377,21687873,226013641,67410,,520983,121549,,89014,65568,26554,,100931,,2710413,9602,0.119,,56.0,0.07,1.01,0.1,0.53,,0.74,3,0.008,0.0,1129,,3
2020-12-26,US,,,0,,,iso1:us,19022699,332023,21829069,226856637,67410,,521845,123746,,89262,65575,26730,,216861,,2845540,9962,0.122,,57.0,0.07,1.02,0.1,0.53,,0.73,3,0.009,0.0,1646,,3
2020-12-27,US,,,0,,,iso1:us,19174788,333253,21975836,227642896,67410,,539324,128322,,89144,66347,27058,,152089,,2936295,10339,0.125,,55.8,0.07,1.03,0.1,0.54,,0.74,3,0.009,0.0,1230,,3
2020-12-28,US,,,0,,,iso1:us,19363798,335152,22173785,228723622,67410,,525259,129729,,89006,67230,27514,,189010,,3494966,12669,0.128,,55.2,0.07,1.04,0.1,0.56,,0.76,3,0.011,0.0,1899,,3
2020-12-29,US,,,0,,,iso1:us,19564828,338780,22444865,230303145,67410,,554244,131634,,89415,69518,27775,,201030,,4175439,15705,0.134,,55.2,0.07,1.04,0.1,0.58,,0.78,3,0.013,0.0,3628,,3
2020-12-30,US,,,0,,,iso1:us,19793777,342588,22750688,232174985,67410,,599113,133191,,89711,70018,27693,,228949,,4972343,21226,0.14,,55.3,0.07,1.05,0.1,0.58,,0.78,3,0.015,0.0,3808,,3
2020-12-31,US,,,0,,,iso1:us,20024801,346050,23034040,233805067,67410,,593313,132133,,89671,69711,27745,,231024,,5372925,23259,0.146,,56.9,0.07,1.05,0.1,0.58,,0.78,3,0.016,0.0,3462,,3
2021-01-01,US,,,0,,,iso1:us,20172049,347970,23226024,234851437,67410,,567911,129880,,89347,68499,27468,,147248,,5416535,24875,0.148,,58.9,0.07,1.05,0.1,0.57,,0.77,3,0.016,0.0,1920,,3
2021-01-02,US,,,0,,,iso1:us,20463659,350343,23396790,235785849,67410,,558844,131284,,89604,67522,27612,,291610,,5658617,27101,0.149,,62.1,0.07,1.05,0.1,0.56,,0.75,3,0.017,0.0,2373,,3
2021-01-03,US,,,0,,,iso1:us,20665439,351694,23561864,236659053,67410,,563838,134819,,89666,68194,28004,,201780,,5781788,29203,0.15,,64.2,0.06,1.05,0.1,0.57,,0.76,3,0.017,0.0,1351,,3
2021-01-04,US,,,0,,,iso1:us,20917269,353743,23775376,237835008,67410,,544153,136497,,89918,69468,28263,,251830,,6354059,71246,0.15,,66.9,0.06,1.04,0.1,0.58,,0.77,3,0.019,0.0,2049,,3
2021-01-05,US,,,0,,,iso1:us,21152285,357432,24049223,239509296,67410,,567782,138560,,90380,71354,28525,,235016,,7046627,153526,0.148,,68.4,0.06,1.03,0.1,0.6,,0.79,3,0.021,0.0,3689,,3
2021-01-06,US,,,0,,,iso1:us,21408251,361396,24355437,241515395,67410,,614693,139751,,90767,72035,28606,,255966,,7846898,319393,0.147,,69.6,0.06,1.02,0.1,0.6,,0.79,3,0.024,0.001,3964,,3
2021-01-07,US,,,0,,,iso1:us,21688585,365509,24650074,243466515,67410,,614918,138616,,91675,72485,28491,,280334,,8678843,588155,0.143,,71.7,0.06,1.01,0.1,0.6,,0.79,3,0.026,0.002,4113,,3
2021-01-08,US,,,0,,,iso1:us,21989362,369404,24917877,245336456,67410,,607798,137142,,91121,71793,28366,,300777,,9490483,938514,0.139,,78.3,0.05,0.99,0.1,0.59,,0.79,5,0.029,0.003,3895,,5
2021-01-09,US,,,0,,,iso1:us,22241281,372663,25132575,246828403,67410,,593848,135771,,90860,71065,28188,,251919,,9846773,1062227,0.136,,76.6,0.05,0.98,0.1,0.59,,0.78,5,0.03,0.003,3259,,5
2021-01-10,US,,,0,,,iso1:us,22449576,374440,25293895,247822974,67410,,581235,136038,,90894,69909,28369,,208295,,10013662,1129144,0.134,,76.9,0.05,0.96,0.1,0.57,,0.77,5,0.03,0.003,1777,,5
2021-01-11,US,,,0,,,iso1:us,22675892,376488,25488791,249140539,67410,,551525,135933,,90577,70214,28738,,226316,,10706629,1442099,0.132,,75.8,0.05,0.95,0.1,0.59,,0.78,5,0.032,0.004,2048,,5
2021-01-12,US,,,0,,,iso1:us,22905869,380894,25718343,250926070,67410,,568858,135620,,91322,71882,28889,,229977,,11582379,1746920,0.128,,75.6,0.05,0.93,0.1,0.6,,0.79,5,0.035,0.005,4406,,5
2021-01-13,US,,,0,,,iso1:us,23135194,384824,25945872,252791126,67410,,613831,135943,,91448,72114,28732,,229325,,12575763,2009717,0.124,,74.4,0.05,0.92,0.1,0.6,,0.79,3,0.038,0.006,3930,,3
2021-01-14,US,,,0,,,iso1:us,23374716,388804,26171924,254627655,67410,,612753,142273,,91844,72255,28525,,239522,,13694829,2138419,0.12,,72.7,0.06,0.91,0.1,0.59,,0.79,3,0.041,0.006,3980,,3
2021-01-15,US,,,0,,,iso1:us,23614569,392553,26390077,256432260,67410,,610711,132863,,91642,72059,28418,,239853,,14776212,2251703,0.117,,70.0,0.06,0.9,0.1,0.59,,0.79,3,0.045,0.007,3749,,3
2021-01-16,US,,,0,,,iso1:us,23816762,395894,26564502,257833988,67410,,594168,130097,,91455,71145,28116,,202193,,15329193,2319398,0.115,,67.9,0.06,0.89,0.1,0.58,,0.78,3,0.046,0.007,3341,,3
2021-01-17,US,,,0,,,iso1:us,23986856,397624,26694349,258767692,67410,,581296,129514,,91178,69813,27886,,170094,,15579353,2358724,0.113,,66.3,0.06,0.88,0.1,0.57,,0.77,3,0.047,0.007,1730,,3
2021-01-18,US,,,0,,,iso1:us,24127989,399065,26838881,259905028,67410,,547054,128606,,91045,69797,27826,,141133,,16193187,2572530,0.111,,62.6,0.06,0.88,0.1,0.57,,0.77,3,0.049,0.008,1441,,3
2021-01-19,US,,,0,,,iso1:us,24314933,401836,27020005,261521841,67410,,565660,127854,,91125,71092,27579,,186944,,17134617,2906777,0.109,,60.7,0.07,0.87,0.1,0.58,,0.78,3,0.052,0.009,2771,,3
2021-01-20,US,,,0,,,iso1:us,24500421,406216,27218350,263441694,67410,,611647,126464,,91418,71654,26999,,185488,,18270871,3306250,0.107,,58.8,0.07,0.87,0.1,0.58,,0.78,3,0.055,0.01,4380,,3
2021-01-21,US,,,0,,,iso1:us,24690903,410351,27407733,265288481,67410,,611034,122994,,91257,71463,26511,,190482,,19566271,3562782,0.104,,56.7,0.07,0.87,0.1,0.57,,0.78,3,0.059,0.011,4135,,3
2021-01-22,US,,,0,,,iso1:us,24882468,414082,27581732,267022843,67410,,609377,120856,,91374,71587,25999,,191565,,20918497,3759904,0.101,,54.6,0.07,0.87,0.1,0.57,,0.78,3,0.063,0.011,3731,,3
2021-01-23,US,,,0,,,iso1:us,25050385,417404,27730553,268411417,67410,,592196,116787,,91028,70264,25358,,167917,,21644131,3901492,0.099,,53.2,0.08,0.86,0.1,0.55,,0.77,3,0.065,0.012,3322,,3
2021-01-24,US,,,0,,,iso1:us,25180061,419219,27840730,269297268,67410,,579950,115779,,90531,68432,25118,,129676,,21937190,3983696,0.098,,51.4,0.08,0.86,0.1,0.53,,0.76,3,0.066,0.012,1815,,3
2021-01-25,US,,,0,,,iso1:us,25336637,421126,27966065,270394648,67410,,546973,113913,,90617,68562,24997,,156576,,22767082,4441022,0.097,,52.1,0.08,0.86,0.1,0.53,,0.76,3,0.069,0.013,1907,,3
2021-01-26,US,,,0,,,iso1:us,25487275,425224,28117519,272011571,67410,,566391,112861,,91082,70501,24892,,150638,,23802611,4987319,0.095,,50.5,0.08,0.86,0.1,0.55,,0.77,3,0.072,0.015,4098,,3
2021-01-27,US,,,0,,,iso1:us,25643045,429326,28283184,273894788,67410,,611740,111296,,91110,70749,24354,,155770,,25021150,5599491,0.092,,49.2,0.08,0.86,0.1,0.54,,0.78,3,0.075,0.017,4102,,3
2021-01-28,US,,,0,,,iso1:us,25809220,433194,28435432,275634404,67410,,607804,108071,,91032,70182,23784,,166175,,26360256,6121458,0.09,,48.2,0.08,0.86,0.1,0.53,,0.77,3,0.08,0.018,3868,,3
2021-01-29,US,,,0,,,iso1:us,25973835,436794,28583668,277314614,67410,,601488,104393,,91216,69831,23118,,164615,,27690838,6588088,0.089,,47.0,0.09,0.85,0.1,0.52,,0.77,3,0.084,0.02,3600,,3
2021-01-30,US,,,0,,,iso1:us,26107635,439435,28704532,278621872,67410,,580960,100881,,90337,68155,22703,,133800,,28436030,6816132,0.087,,45.6,0.09,0.85,0.1,0.51,,0.75,3,0.086,0.021,2641,,3
2021-01-31,US,,,0,,,iso1:us,26221430,441299,28792778,279475133,67410,,566378,99441,,89885,66978,22496,,113795,,28754956,6932728,0.086,,44.9,0.09,0.85,0.1,0.5,,0.75,3,0.087,0.021,1864,,3
2021-02-01,US,,,0,,,iso1:us,26363284,443249,28881560,280416142,67410,,532210,97740,,89738,66512,22225,,141854,,29469209,7455573,0.084,,44.2,0.09,0.84,0.1,0.49,,0.74,3,0.089,0.022,1950,,3
2021-02-02,US,,,0,,,iso1:us,26478540,446860,28999192,281926861,67410,,554962,97040,,90048,68153,21759,,115256,,30403352,8108290,0.082,,42.7,0.1,0.84,0.1,0.5,,0.76,3,0.092,0.024,3611,,3
2021-02-03,US,,,0,,,iso1:us,26598723,450703,29125858,283665407,67410,,599101,95833,,89968,68218,21398,,120183,,31638362,8896519,0.079,,41.2,0.1,0.84,0.1,0.5,,0.76,3,0.095,0.027,3843,,3
2021-02-04,US,,,0,,,iso1:us,26724359,455820,29254258,285461929,67410,,598476,93056,,90175,68107,20865,,125636,,32993222,9756335,0.077,,39.4,0.1,0.83,0.1,0.49,,0.76,3,0.1,0.029,5117,,3
2021-02-05,US,,,0,,,iso1:us,26853860,459390,29377315,287164836,67410,,594142,90449,,89937,67838,20348,,129501,,34318986,10658190,0.075,,37.9,0.11,0.83,0.1,0.48,,0.75,3,0.104,0.032,3570,,3
2021-02-06,US,,,0,,,iso1:us,26958807,462052,29474824,288397483,67410,,578129,87186,,89426,66607,19856,,104947,,35156776,11056716,0.073,,36.7,0.11,0.83,0.1,0.47,,0.74,3,0.106,0.033,2662,,3
2021-02-07,US,,,0,,,iso1:us,27046088,463353,29546732,289151564,67410,,561467,85804,,89137,64904,19369,,87281,,35432546,11203845,0.072,,35.5,0.11,0.82,0.1,0.44,,0.73,3,0.107,0.034,1301,,3
2021-02-08,US,,,0,,,iso1:us,27139070,464936,29622859,290116650,67410,,527728,83612,,88940,64612,19320,,92982,,36245590,11862330,0.071,,33.4,0.12,0.82,0.1,0.44,,0.73,3,0.109,0.036,1583,,3
2021-02-09,US,,,0,,,iso1:us,27235460,468106,29722655,291706508,67410,,553533,83358,,89547,66753,18924,,96390,,37256485,12704760,0.069,,32.6,0.12,0.82,0.1,0.45,,0.75,3,0.112,0.038,3170,,3
2021-02-10,US,,,0,,,iso1:us,27330435,471360,29813609,293252295,67410,,598815,80971,,89635,67155,18310,,94975,,38449938,13679969,0.067,,31.5,0.13,0.83,0.1,0.45,,0.75,3,0.116,0.041,3254,,3
2021-02-11,US,,,0,,,iso1:us,27436075,475238,29896157,294583339,67410,,596023,77804,,89385,66615,17709,,105640,,39687481,14709502,0.066,,30.7,0.13,0.83,0.1,0.44,,0.75,3,0.12,0.044,3878,,3
2021-02-12,US,,,0,,,iso1:us,27535702,480701,29982747,295907299,67410,,588727,74888,,89404,66212,17330,,99627,,41027598,15809024,0.065,,29.4,0.14,0.83,0.1,0.43,,0.74,3,0.124,0.048,5463,,3
2021-02-13,US,,,0,,,iso1:us,27620354,484073,30051527,296938363,67410,,567708,72229,,88801,64739,16862,,84652,,41867589,16362894,0.063,,28.5,0.14,0.84,0.1,0.41,,0.73,3,0.126,0.049,3372,,3
2021-02-14,US,,,0,,,iso1:us,27684134,485154,30098708,297554075,67410,,552487,70404,,89133,62841,16346,,63780,,42199286,16581135,0.062,,27.5,0.15,0.85,0.1,0.38,,0.71,3,0.127,0.05,1081,,3
2021-02-15,US,,,0,,,iso1:us,27739406,486148,30148955,298301431,67410,,515204,68642,,88117,62750,16225,,55272,,42794419,17078182,0.06,,25.9,0.16,0.86,0.1,0.39,,0.71,3,0.129,0.052,994,,3
2021-02-16,US,,,0,,,iso1:us,27803946,487855,30213218,299485885,67410,,534452,68293,,88588,64142,15919,,64540,,43573843,17828848,0.059,,24.5,0.17,0.86,0.1,0.39,,0.72,2,0.131,0.054,1707,,2
2021-02-17,US,,,0,,,iso1:us,27874107,490326,30284336,300883448,67410,,584351,69980,,89166,65240,15577,,70161,,44489629,18778297,0.058,,23.4,0.17,0.87,0.1,0.39,,0.73,2,0.134,0.057,2471,,2
2021-02-18,US,,,0,,,iso1:us,27945898,492951,30352608,302227569,67410,,584193,65853,,88763,64734,15022,,71791,,45303410,19703241,0.056,,22.0,0.19,0.88,0.1,0.38,,0.73,2,0.137,0.059,2625,,2
2021-02-19,US,,,0,,,iso1:us,28023910,495572,30417640,303514127,67410,,584078,63942,,88759,64598,14493,,78012,,46115671,20737278,0.054,,21.0,0.19,0.89,0.1,0.37,,0.73,2,0.139,0.063,2621,,2
2021-02-20,US,,,0,,,iso1:us,28093630,497403,30474988,304513198,67410,,565839,61686,,88394,63130,14112,,69720,,46703690,21384304,0.053,,20.4,0.2,0.9,0.1,0.36,,0.71,2,0.141,0.065,1831,,2
2021-02-21,US,,,0,,,iso1:us,28148810,498650,30522060,305148709,67410,,552784,60812,,88205,61664,13724,,55180,,46944513,21684718,0.053,,20.0,0.2,0.91,0.1,0.34,,0.7,2,0.142,0.065,1247,,2
2021-02-22,US,,,0,,,iso1:us,28208276,500104,30580051,306128756,67410,,522343,59999,,88544,62088,13671,,59466,,47551014,22437130,0.052,,20.2,0.2,0.92,0.1,0.34,,0.7,2,0.143,0.068,1454,,2
2021-02-23,US,,,0,,,iso1:us,28280189,502432,30653606,307696649,67410,,548359,59345,,89000,64553,13354,,71913,,48402551,23396981,0.051,,20.5,0.2,0.93,0.1,0.35,,0.73,2,0.146,0.071,2328,,2
2021-02-24,US,,,0,,,iso1:us,28354383,505642,30727722,309308058,67410,,597804,58662,,89364,64993,12891,,74194,,49614658,24549232,0.05,,20.7,0.2,0.93,0.1,0.35,,0.73,2,0.15,0.074,3210,,2
2021-02-25,US,,,0,,,iso1:us,28432264,508107,30797845,310847303,67410,,594746,56510,,88801,64447,12466,,77881,,51104435,25800403,0.049,,21.0,0.19,0.94,0.1,0.34,,0.73,2,0.154,0.078,2465,,2
2021-02-26,US,,,0,,,iso1:us,28510582,510283,30861825,312257475,67410,,589242,54418,,88703,63909,12154,,78318,,52732674,27090418,0.048,,21.0,0.19,0.95,0.1,0.33,,0.72,2,0.159,0.082,2176,,2
2021-02-27,US,,,0,,,iso1:us,28573256,511850,30912696,313279264,67410,,570149,52506,,88322,62387,11718,,62674,,53840530,27857356,0.048,,20.7,0.2,0.95,0.1,0.31,,0.71,2,0.162,0.084,1567,,2
2021-02-28,US,,,0,,,iso1:us,28624161,512979,30950365,313873630,67410,,553558,51633,,88396,60700,11555,,50905,,54354910,28126032,0.047,,20.5,0.2,0.95,0.1,0.29,,0.69,2,0.164,0.085,1129,,2
2021-03-01,US,,,0,,,iso1:us,28680857,514404,30998428,314818648,67410,,515057,49969,,87017,59753,11362,,56696,,55429381,28831176,0.046,,20.4,0.2,0.95,0.1,0.29,,0.69,2,0.167,0.087,1425,,2
2021-03-02,US,,,0,,,iso1:us,28738501,515710,31060155,316367117,67410,,537245,49365,,87270,62011,11038,,57644,,56821229,29719261,0.045,,19.8,0.21,0.95,0.1,0.3,,0.71,2,0.171,0.09,1306,,2
2021-03-03,US,,,0,,,iso1:us,28805113,518079,31123506,318039231,67410,,583540,49063,,87836,62375,10744,,66612,,58499141,30775181,0.043,,19.4,0.21,0.95,0.1,0.3,,0.71,2,0.176,0.093,2369,,2
2021-03-04,US,,,0,,,iso1:us,28872395,520028,31183289,319530379,67410,,587919,47027,,88281,62825,10551,,67282,,60382947,31929368,0.043,,19.0,0.21,0.95,0.1,0.29,,0.71,2,0.182,0.096,1949,,2
2021-03-05,US,,,0,,,iso1:us,28938090,522511,31240122,320902552,67410,,582186,46289,,88195,62616,10320,,65695,,62318958,33147077,0.042,,18.4,0.22,0.95,0.1,0.29,,0.71,2,0.188,0.1,2483,,2
2021-03-06,US,,,0,,,iso1:us,28994675,523970,31288331,321919588,67410,,561172,44967,,87855,61121,10025,,56585,,63616799,33959966,0.042,,18.2,0.22,0.96,0.1,0.27,,0.7,2,0.192,0.102,1459,,2
2021-03-07,US,,,0,,,iso1:us,29034739,524646,31323631,322492466,67410,,547486,44195,,87379,59250,9844,,40064,,64258448,34277280,0.042,,17.7,0.23,0.96,0.1,0.26,,0.68,2,0.194,0.103,676,,2
2021-03-08,US,,,0,,,iso1:us,29129252,525466,31368813,323423361,67410,,514740,43749,,87434,59353,9786,,94513,,65672178,35068463,0.041,,19.3,0.21,0.96,0.1,0.26,,0.68,2,0.198,0.106,820,,2
2021-03-09,US,,,0,,,iso1:us,29185151,527351,31426165,324904895,67410,,536243,43467,,87586,61362,9608,,55899,,67393541,36070709,0.041,,19.2,0.21,0.96,0.1,0.27,,0.7,2,0.203,0.109,1885,,2
2021-03-10,US,,,0,,,iso1:us,29243346,528825,31484955,326459035,67410,,585895,43413,,87776,61852,9452,,58195,,69393302,37266093,0.041,,18.9,0.22,0.96,0.1,0.27,,0.7,2,0.209,0.112,1474,,2
2021-03-11,US,,,0,,,iso1:us,29305733,530349,31542312,327897556,67410,,585856,42681,,87887,62049,9237,,62387,,71605396,38587500,0.041,,18.7,0.22,0.97,0.1,0.26,,0.71,2,0.216,0.116,1524,,2
2021-03-12,US,,,0,,,iso1:us,29369899,532054,31600740,329235771,67410,,582108,42252,,87741,61559,9117,,64166,,73658164,40023482,0.041,,18.6,0.22,0.97,0.1,0.26,,0.7,2,0.222,0.121,1705,,2
2021-03-13,US,,,0,,,iso1:us,29419456,533928,31649417,330210284,67410,,561113,41450,,87336,60016,8904,,49557,,75006196,40982475,0.042,,18.3,0.22,0.98,0.1,0.25,,0.69,2,0.226,0.124,1874,,2
2021-03-14,US,,,0,,,iso1:us,29457445,534497,31684035,330753854,67410,,542272,40691,,87466,57706,8771,,37989,,75632923,41373130,0.042,,18.2,0.22,0.98,0.1,0.23,,0.66,2,0.228,0.125,569,,2
2021-03-15,US,,,0,,,iso1:us,29514609,535246,31730286,331653515,67410,,508193,40681,,87023,58337,8784,,57164,,77057299,42182986,0.042,,16.6,0.24,0.99,0.1,0.23,,0.67,2,0.232,0.127,749,,2
2021-03-16,US,,,0,,,iso1:us,29569140,536491,31788227,333090404,67410,,533365,41099,,87079,60432,8732,,54531,,78917982,43160425,0.042,,16.5,0.25,1.0,0.1,0.25,,0.69,2,0.238,0.13,1245,,2
2021-03-17,US,,,0,,,iso1:us,29628071,537668,31849940,334643206,67410,,583615,41183,,87189,61091,8678,,58931,,80978353,44213656,0.043,,16.6,0.25,1.0,0.1,0.25,,0.7,2,0.244,0.133,1177,,2
2021-03-18,US,,,0,,,iso1:us,29688541,539226,31910833,336054571,67410,,582728,40604,,87129,61051,8516,,60470,,83187365,45334695,0.043,,16.5,0.25,1.01,0.1,0.25,,0.7,2,0.251,0.137,1558,,2
2021-03-19,US,,,0,,,iso1:us,29749164,540740,31968744,337334854,67410,,578008,40369,,87267,60864,8418,,60623,,85329624,46468368,0.043,,16.3,0.25,1.02,0.1,0.24,,0.7,2,0.257,0.14,1514,,2
2021-03-20,US,,,0,,,iso1:us,29803589,541512,32017285,338270117,67410,,558232,39220,,86960,59587,8237,,54425,,86689344,47272818,0.044,,16.6,0.25,1.03,0.1,0.23,,0.69,2,0.262,0.143,772,,2
2021-03-21,US,,,0,,,iso1:us,29837782,541960,32055842,338837205,67410,,542939,39136,,86567,57627,8124,,34193,,87343168,47612619,0.044,,16.4,0.25,1.03,0.1,0.22,,0.67,2,0.263,0.144,448,,2
2021-03-22,US,,,0,,,iso1:us,29892498,542608,32105200,339753788,67410,,510291,39572,,86463,57741,8342,,54716,,88884818,48351465,0.044,,16.3,0.25,1.04,0.1,0.23,,0.67,2,0.268,0.146,648,,2
2021-03-23,US,,,0,,,iso1:us,29949244,543501,32170552,341214937,67410,,535034,40175,,86799,60331,8373,,56746,,90814969,49403847,0.045,,16.4,0.25,1.04,0.1,0.24,,0.7,2,0.274,0.149,893,,2
2021-03-24,US,,,0,,,iso1:us,30029147,545091,32240734,342798790,67410,,584923,40707,,87444,61096,8484,,79903,,92950376,50717499,0.046,,17.3,0.24,1.04,0.1,0.24,,0.7,2,0.28,0.153,1590,,2
2021-03-25,US,,,0,,,iso1:us,30098263,546361,32308492,344173626,67410,,584000,40513,,87235,60911,8331,,69116,,95139879,52231981,0.047,,17.7,0.23,1.05,0.1,0.24,,0.7,2,0.287,0.158,1270,,2
2021-03-26,US,,,0,,,iso1:us,30172762,547621,32378318,345473886,67410,,580954,40705,,87129,60903,8323,,74499,,97184066,53891728,0.048,,18.3,0.22,1.05,0.1,0.24,,0.7,2,0.293,0.163,1260,,2
2021-03-27,US,,,0,,,iso1:us,30233462,548401,32437193,346411482,67410,,561279,39912,,87014,59580,8197,,60700,,98504994,54972514,0.049,,18.5,0.22,1.05,0.1,0.23,,0.68,2,0.297,0.166,780,,2
2021-03-28,US,,,0,,,iso1:us,30277977,548891,32481945,346988595,67410,,545348,40318,,86674,57669,8353,,44515,,99160047,55473584,0.05,,19.0,0.21,1.05,0.1,0.22,,0.67,2,0.299,0.167,490,,2
2021-03-29,US,,,0,,,iso1:us,30348716,549576,32539087,347936482,67410,,513191,40791,,86231,57945,8433,,70739,,100708601,56626289,0.05,,19.7,0.21,1.05,0.1,0.23,,0.67,2,0.304,0.171,685,,2
2021-03-30,US,,,0,,,iso1:us,30410950,550523,32613810,349389084,67410,,535339,41307,,86668,60319,8568,,62234,,102653103,58100266,0.051,,19.9,0.2,1.04,0.1,0.25,,0.7,2,0.31,0.175,947,,2
2021-03-31,US,,,0,,,iso1:us,30478886,551658,32688474,350889706,67410,,583834,41712,,87206,61036,8498,,67936,,104970248,59868385,0.052,,19.4,0.21,1.04,0.1,0.25,,0.7,2,0.317,0.181,1135,,2
2021-04-01,US,,,0,,,iso1:us,30556079,552615,32760730,352254911,67410,,579906,41541,,87256,60701,8468,,77193,,107356705,61881089,0.053,,19.7,0.21,1.04,0.1,0.24,,0.7,2,0.324,0.187,957,,2
2021-04-02,US,,,0,,,iso1:us,30624668,553571,32831630,353523593,67410,,571229,41309,,86966,59779,8465,,68589,,109328768,63537578,0.053,,19.5,0.21,1.03,0.1,0.24,,0.69,2,0.33,0.192,956,,2
2021-04-03,US,,,0,,,iso1:us,30688804,554324,32891049,354431455,67410,,547284,40911,,86656,58322,8540,,64136,,110598137,64597889,0.054,,19.6,0.21,1.03,0.1,0.23,,0.67,2,0.334,0.195,753,,2
2021-04-04,US,,,0,,,iso1:us,30725627,554596,32934590,354950403,67410,,532429,41513,,86253,56885,8604,,36823,,111013555,64932855,0.054,,19.3,0.21,1.03,0.1,0.23,,0.66,2,0.335,0.196,272,,2
2021-04-05,US,,,0,,,iso1:us,30802221,555126,32090258,345599412,67410,,505434,42422,,86173,57473,8847,,76594,,112657130,66377996,,,19.5,0.21,1.02,0.1,0.24,,0.67,2,0.34,0.2,530,,2
2021-04-06,US,,,0,,,iso1:us,30864193,556035,32166216,347070009,67410,,536419,43798,,86714,60340,9008,,61972,,114826831,68258822,0.053,,19.5,0.21,1.02,0.1,0.25,,0.7,2,0.346,0.206,909,,2
2021-04-07,US,,,0,,,iso1:us,30937283,558606,33148117,358888043,67410,,583884,44302,,87076,61776,9020,,73090,,117196226,70318404,0.07,,19.8,0.21,1.01,0.1,0.26,,0.71,2,0.354,0.212,2571,,2
2021-04-08,US,,,0,,,iso1:us,31017741,559608,33226014,360319209,67410,,586814,44351,,86868,61790,9191,,80458,,119507869,72475777,0.07,,19.9,0.2,1.0,0.1,0.27,,0.71,2,0.361,0.219,1002,,2
2021-04-09,US,,,0,,,iso1:us,31099323,560554,33300616,361690089,67410,,582674,44316,,86854,61683,9142,,81582,,121796924,74676162,0.07,,20.5,0.2,1.0,0.1,0.27,,0.71,2,0.367,0.225,946,,2
2021-04-10,US,,,0,,,iso1:us,31164081,561258,33363475,362635134,67410,,565477,43701,,86734,60289,9126,,64758,,123423308,76183451,0.07,,20.5,0.2,0.99,0.1,0.26,,0.7,2,0.372,0.23,704,,2
2021-04-11,US,,,0,,,iso1:us,31212058,561559,33412112,363228603,67410,,552951,44468,,86506,58634,9244,,47977,,124213150,76903222,0.07,,21.0,0.19,0.98,0.1,0.25,,0.68,2,0.375,0.232,301,,2
2021-04-12,US,,,0,,,iso1:us,31283990,562024,33472594,364217802,67410,,522056,45384,,86326,59163,9451,,71932,,125750542,78435974,0.069,,20.8,0.2,0.97,0.1,0.26,,0.69,2,0.379,0.237,465,,2
2021-04-13,US,,,0,,,iso1:us,31361311,563007,33548442,365747656,67410,,547115,45831,,86583,61558,9537,,77321,,127394400,79990818,0.069,,21.4,0.19,0.96,0.1,0.28,,0.71,2,0.384,0.241,983,,2
2021-04-14,US,,,0,,,iso1:us,31437061,563942,33628468,367334402,67410,,598538,46202,,88920,63354,9584,,75750,,129014518,81709175,0.054,,21.5,0.19,0.96,0.1,0.27,,0.71,2,0.389,0.246,935,,2
2021-04-15,US,,,0,,,iso1:us,31510755,564859,33702836,368736883,67410,,596403,45544,,86767,62079,9477,,73694,,130630453,83413647,0.054,,21.2,0.19,0.95,0.1,0.28,,0.72,2,0.394,0.252,917,,2
2021-04-16,US,,,0,,,iso1:us,31589109,565794,33775082,370111552,67410,,591909,45840,,86918,62147,9530,,78354,,132122255,85066630,0.053,,21.1,0.19,0.94,0.1,0.28,,0.72,2,0.399,0.257,935,,2
2021-04-17,US,,,0,,,iso1:us,31642983,566471,33830693,371060342,67410,,571714,45096,,86521,60816,9550,,53874,,133153714,86053573,0.053,,20.6,0.2,0.93,0.1,0.27,,0.7,2,0.402,0.26,677,,2
2021-04-18,US,,,0,,,iso1:us,31684382,566829,33872880,371628607,67410,,556087,45590,,86213,58801,9632,,41399,,133607024,86510048,0.052,,20.4,0.2,0.92,0.1,0.26,,0.68,2,0.403,0.261,358,,2
2021-04-19,US,,,0,,,iso1:us,31754642,567314,33927022,372588027,67410,,523011,46488,,86152,59011,9828,,70260,,134297984,87413643,0.051,,20.3,0.2,0.92,0.1,0.27,,0.68,2,0.405,0.264,485,,2
2021-04-20,US,,,0,,,iso1:us,31815666,568146,33994606,374080401,67410,,547208,46579,,86597,62003,9919,,61024,,134445595,87592649,0.051,,19.6,0.21,0.91,0.1,0.29,,0.72,2,0.406,0.264,832,,2
2021-04-21,US,,,0,,,iso1:us,31878161,568986,34063428,375656903,67410,,597114,46344,,86733,62313,9920,,62495,,134445595,87592649,0.05,,19.0,0.21,0.9,0.1,0.29,,0.72,2,0.406,0.264,840,,2
2021-04-22,US,,,0,,,iso1:us,31944402,569897,34127275,377082564,67410,,595888,45281,,86529,62292,9846,,66241,,,,0.048,,18.7,0.22,0.9,0.1,0.29,,0.72,2,,,911,,2
2021-04-23,US,,,0,,,iso1:us,32008186,570770,34187499,378427280,67410,,590742,44624,,86636,62011,9708,,63784,,,,0.047,,18.1,0.23,0.9,0.1,0.28,,0.72,2,,,873,,2
2021-04-24,US,,,0,,,iso1:us,32058654,571495,34235081,379370489,67410,,569608,43193,,86224,60250,9575,,50468,,,,0.046,,17.9,0.23,0.89,0.1,0.27,,0.7,2,,,725,,2
2021-04-25,US,,,0,,,iso1:us,32092245,571777,34271261,379922045,67410,,555090,42835,,86255,59014,9549,,33591,,,,0.046,,17.6,0.23,0.89,0.1,0.26,,0.68,2,,,282,,2
2021-04-26,US,,,0,,,iso1:us,32139580,572256,34318692,380868272,67410,,521242,43556,,85866,59007,9759,,47335,290692005,140969663,95888088,0.045,,16.6,0.25,0.89,0.1,0.27,,0.69,2,0.425,0.289,479,230768454,2
2021-04-27,US,,,0,,,iso1:us,32191457,572969,34378209,382376775,67410,,547053,43431,,86375,61878,9666,,51877,297543635,141751857,96747454,0.044,,16.2,0.25,0.88,0.1,0.28,,0.72,2,0.428,0.292,713,232407669,2
2021-04-28,US,,,0,,,iso1:us,32246275,573903,34437670,383883007,67410,,597175,43083,,87054,62670,9538,,54818,301857885,142692987,98044421,0.044,,15.9,0.26,0.88,0.1,0.28,,0.72,2,0.43,0.296,934,234639414,2
2021-04-29,US,,,0,,,iso1:us,32303857,574777,34495161,385237794,67410,,597355,41918,,86497,61970,9373,,57582,305478495,143793565,99668945,0.043,,15.5,0.26,0.88,0.1,0.28,,0.72,2,0.434,0.301,874,237360493,2
2021-04-30,US,,,0,,,iso1:us,32362374,575637,34546867,386495045,67410,,591218,41026,,86685,61922,9242,,58517,308774155,144894586,101407318,0.043,,15.3,0.27,0.88,0.1,0.27,,0.71,2,0.437,0.306,860,240159677,2
2021-05-01,US,,,0,,,iso1:us,32407133,576352,34588078,387354593,67410,,568961,39587,,86352,60070,9105,,44759,312508205,146239208,103422555,0.042,,15.0,0.27,0.87,0.1,0.26,,0.7,2,0.441,0.312,715,243463471,2
2021-05-02,US,,,0,,,iso1:us,32436765,576664,34618642,387844318,67410,,554393,39527,,86192,58495,9075,,29632,312509575,147047012,104774652,0.042,,14.8,0.27,0.87,0.1,0.25,,0.68,2,0.444,0.316,312,245591469,2
2021-05-03,US,,,0,,,iso1:us,32486709,577123,34657167,388697322,67410,,520999,39829,,85952,58732,9212,,49944,312509575,147517734,105523520,0.041,,15.0,0.27,0.87,0.1,0.25,,0.68,2,0.445,0.318,459,246780203,2
2021-05-04,US,,,0,,,iso1:us,32527664,578030,34704434,390067010,67410,,547082,39797,,86046,61351,9183,,40955,318474035,147894671,106168588,0.041,,14.5,0.28,0.87,0.1,0.27,,0.71,2,0.446,0.32,907,247769049,2
2021-05-05,US,,,0,,,iso1:us,32572383,578806,34752088,391541604,67410,,597426,39441,,86644,61724,8957,,44719,321549335,148562891,107346533,0.039,,14.1,0.29,0.86,0.1,0.26,,0.71,2,0.448,0.324,776,249566820,2
2021-05-06,US,,,0,,,iso1:us,32620077,579638,34797070,392800132,67410,,596228,38441,,86801,61776,8837,,47694,324610185,149462265,108926627,0.038,,13.6,0.3,0.86,0.1,0.26,,0.71,2,0.451,0.329,832,251973752,2
2021-05-07,US,,,0,,,iso1:us,32667570,580450,34837898,393930172,67410,,587101,37616,,86558,61202,8650,,47493,327124625,150416559,110874920,0.038,,13.2,0.31,0.86,0.1,0.25,,0.71,2,0.454,0.334,812,254779333,2
2021-05-08,US,,,0,,,iso1:us,32701236,581054,34869792,394746649,67410,,563241,36139,,86120,59356,8472,,33666,329840055,151315505,112626771,0.037,,12.7,0.32,0.85,0.1,0.24,,0.69,2,0.456,0.34,604,257347205,2
2021-05-09,US,,,0,,,iso1:us,32723564,581300,34892131,395206533,67410,,547544,35439,,85762,57705,8362,,22328,329843825,152116936,114258244,0.036,,12.4,0.33,0.85,0.1,0.23,,0.67,2,0.459,0.345,246,259716989,2
2021-05-10,US,,,0,,,iso1:us,32760121,581670,34922620,396030426,67410,,508789,35433,,85516,57546,8344,,36557,329843825,152819904,115530780,0.035,,11.8,0.35,0.85,0.1,0.23,,0.67,2,0.461,0.349,370,261599381,2
2021-05-11,US,,,0,,,iso1:us,32794162,582363,34960594,397319401,67410,,535882,35252,,85776,59978,8301,,34041,334081065,153448316,116576359,0.034,,11.5,0.35,0.84,0.1,0.24,,0.7,2,0.463,0.352,693,263132561,2
2021-05-12,US,,,0,,,iso1:us,32829645,583211,34997223,398619397,67410,,587414,34879,,86150,60604,8117,,35483,337089765,153986312,117647439,0.033,,11.1,0.37,0.84,0.1,0.24,,0.7,2,0.465,0.355,848,264680844,2
2021-05-13,US,,,0,,,iso1:us,32868084,583991,35032169,399773577,67410,,586133,33936,,85981,60310,7919,,38439,339165445,154624231,118987308,0.033,,10.7,0.38,0.84,0.1,0.24,,0.7,2,0.466,0.359,780,266596486,2
2021-05-14,US,,,0,,,iso1:us,32909065,584723,35063863,400821523,67410,,580018,32787,,86084,59622,7630,,40981,341865945,155251852,120258637,0.032,,10.4,0.39,0.83,0.1,0.22,,0.69,2,0.468,0.363,732,268438666,2
2021-05-15,US,,,0,,,iso1:us,32938115,585282,35088779,401581419,67410,,559645,31504,,85587,58224,7410,,29050,344503395,156217367,121768268,0.031,,10.2,0.4,0.83,0.1,0.21,,0.68,2,0.471,0.367,559,270832342,2
2021-05-16,US,,,0,,,iso1:us,32954825,585574,35107004,402015146,67410,,546255,31143,,85385,56802,7271,,16710,344503495,157132234,122999721,0.031,,10.0,0.41,0.83,0.1,0.2,,0.67,1,0.474,0.371,292,272925411,1
2021-05-17,US,,,0,,,iso1:us,32984032,585958,35131382,402784802,67410,,513409,30918,,85495,57387,7300,,29207,344503595,157827208,123828224,0.03,,9.6,0.42,0.83,0.1,0.21,,0.67,1,0.476,0.374,384,274411901,1
2021-05-18,US,,,0,,,iso1:us,33011895,586825,35161643,403964795,67410,,538089,30645,,86053,59915,7162,,27863,346672525,158365411,124455693,0.029,,9.4,0.43,0.82,0.1,0.22,,0.7,1,0.478,0.375,867,275535207,1
2021-05-19,US,,,0,,,iso1:us,33040689,587500,35190128,405111081,67410,,589835,30702,,86245,60564,7059,,28794,349210095,159174963,125453423,0.029,,9.1,0.45,0.82,0.1,0.22,,0.7,1,0.48,0.378,675,277290173,1
2021-05-20,US,,,0,,,iso1:us,33070307,588154,35215805,406089387,67410,,590914,29342,,85997,60365,6840,,29618,351955515,160177820,126605166,0.028,,8.7,0.47,0.82,0.1,0.21,,0.7,1,0.483,0.382,654,279397250,1
2021-05-21,US,,,0,,,iso1:us,33099318,588850,35240074,407045195,67410,,585563,28845,,86028,59890,6665,,29011,354914965,161278336,127778250,0.028,,8.2,0.5,0.82,0.1,0.2,,0.7,1,0.487,0.385,696,281595351,1
2021-05-22,US,,,0,,,iso1:us,33117634,589329,35259309,407732701,67410,,567586,27824,,85602,59056,6472,,18316,357250375,162470794,129006463,0.027,,7.7,0.53,0.81,0.1,0.2,,0.69,1,0.49,0.389,479,283941223,1
2021-05-23,US,,,0,,,iso1:us,33131784,589518,35273191,408125425,67410,,550429,27382,,85110,56498,6412,,14150,357250375,163309414,130014175,0.026,,7.6,0.53,0.81,0.1,0.18,,0.66,1,0.493,0.392,189,285720586,1
2021-05-24,US,,,0,,,iso1:us,33157412,589935,35290952,408812551,67410,,516726,27442,,84865,56944,6418,,25628,357250475,163907827,130615797,0.026,,7.5,0.54,0.81,0.1,0.19,,0.67,1,0.494,0.394,417,286890900,1
2021-05-25,US,,,0,,,iso1:us,33180250,590635,35313388,409860146,67410,,543147,27440,,85643,59540,6310,,22838,359004955,164378258,131078608,0.025,,7.3,0.56,0.81,0.1,0.19,,0.7,1,0.496,0.395,700,287788872,1
2021-05-26,US,,,0,,,iso1:us,33203636,591601,35335205,410881925,67410,,592555,26962,,85971,60337,6139,,23386,359849035,165074907,131850089,0.025,,7.0,0.58,0.81,0.1,0.19,,0.7,1,0.498,0.398,966,289212304,1
2021-05-27,US,,,0,,,iso1:us,33231383,592942,35355509,411784209,67410,,590627,26318,,86033,60309,5998,,27747,361250445,165718717,132769894,0.024,,6.9,0.59,0.82,0.1,0.19,,0.7,1,0.5,0.401,1341,290724607,1
2021-05-28,US,,,0,,,iso1:us,33253407,593701,35372955,412600367,67410,,582721,25589,,85746,59246,5776,,22024,362375765,166388129,133532544,0.023,,6.6,0.61,0.82,0.1,0.18,,0.69,1,0.502,0.403,759,292099778,1
2021-05-29,US,,,0,,,iso1:us,33264967,594040,35386728,413163400,67410,,557003,24509,,85232,57360,5603,,11560,366314625,167157043,134418748,0.023,,6.3,0.64,0.82,0.1,0.17,,0.67,1,0.504,0.406,339,293705050,1
2021-05-30,US,,,0,,,iso1:us,33272409,594171,35396537,413511783,67410,,541180,23722,,85373,55534,5520,,7442,366316945,167733972,135087319,0.022,,6.1,0.67,0.83,0.1,0.16,,0.65,1,0.506,0.408,131,294928850,1
2021-05-31,US,,,0,,,iso1:us,33277912,594321,35405334,413817470,67410,,495349,23576,,85298,54945,5538,,5503,,,,0.022,,5.2,0.78,0.84,0.1,0.15,,0.64,1,,,150,,1
2021-06-01,US,,,0,,,iso1:us,33300482,594827,35419236,414507298,67410,,508242,23866,,85139,55696,5487,,22570,366317045,168489729,135867425,0.022,,5.2,0.78,0.84,0.1,0.16,,0.65,1,0.508,0.41,506,296404240,1
2021-06-02,US,,,0,,,iso1:us,33317340,595421,35437112,415594677,67410,,577218,23748,,85483,58420,5318,,16858,366977535,168734435,136155250,0.021,,4.9,0.83,0.85,0.1,0.16,,0.68,1,0.509,0.411,594,296912892,1
2021-06-03,US,,,0,,,iso1:us,33336811,596037,35454343,416561891,67410,,585772,23197,,85597,59462,5171,,19471,368375195,169090262,136644618,0.02,,4.5,0.9,0.86,0.1,0.17,,0.69,1,0.51,0.412,616,297720928,1
2021-06-04,US,,,0,,,iso1:us,33312812,596176,35469985,417412963,67410,,585376,22220,,85580,59306,4990,,,369159075,169735441,137455367,0.02,,,,0.87,0.1,0.16,,0.69,1,0.512,0.415,139,299120522,1
2021-06-05,US,,,0,,,iso1:us,33323260,596551,35482137,418015978,67410,,565919,21284,,85137,57791,4763,,10448,371520975,170272150,138112702,0.019,,4.1,0.98,0.87,0.1,0.15,,0.68,1,0.514,0.417,375,300268730,1
2021-06-06,US,,,0,,,iso1:us,33329413,596803,35491176,418376253,67410,,551443,20946,,84776,56004,4673,,6153,371520735,170833221,138969323,0.019,,4.1,1.0,0.88,0.1,0.14,,0.66,1,0.515,0.419,252,301638578,1
2021-06-07,US,,,0,,,iso1:us,33348865,597139,35503783,419007029,67410,,519433,20644,,84733,56505,4681,,19452,371520735,171310738,139748661,0.019,,4.8,0.85,0.89,0.1,0.14,,0.67,1,0.517,0.422,336,302851917,1
2021-06-08,US,,,0,,,iso1:us,33363050,597514,35517738,419881826,67410,,543874,20747,,85323,59274,4605,,14185,372100285,171731584,140441957,0.018,,4.4,0.93,0.89,0.1,0.15,,0.69,1,0.518,0.424,375,303923667,1
2021-06-09,US,,,0,,,iso1:us,33383714,598086,35532164,420741497,67410,,593036,20535,,85810,59787,4476,,20664,372495525,172054276,140980110,0.018,,4.5,0.9,0.9,0.1,0.15,,0.7,1,0.519,0.425,572,304753476,1
2021-06-10,US,,,0,,,iso1:us,33399513,598546,35545183,421518845,67410,,593095,19845,,85589,59817,4380,,15799,372830865,172423605,141583252,0.018,,4.4,0.93,0.91,0.1,0.15,,0.7,1,0.52,0.427,460,305687618,1
2021-06-11,US,,,0,,,iso1:us,33416340,599063,35557456,422277769,67410,,587196,19207,,85458,59088,4297,,16827,373413945,172758350,142095530,0.018,,4.5,0.91,0.91,0.1,0.14,,0.69,1,0.521,0.429,517,306509795,1
2021-06-12,US,,,0,,,iso1:us,33424619,599233,35567642,422829154,67410,,567631,18704,,85561,57824,4183,,8279,374397205,173391711,143119077,0.017,,4.4,0.93,0.92,0.1,0.13,,0.68,1,0.523,0.432,170,308112728,1
2021-06-13,US,,,0,,,iso1:us,33431406,599328,35575246,423170034,67410,,551495,18497,,84759,55435,4046,,6787,374398105,173840483,143921222,0.017,,4.4,0.93,0.92,0.1,0.12,,0.65,1,0.524,0.434,95,309322545,1
2021-06-14,US,,,0,,,iso1:us,33446525,599538,35586217,423758585,67410,,518624,18576,,85098,55837,4065,,15119,374398105,174234573,144919339,0.017,,4.2,0.97,0.93,0.1,0.12,,0.66,1,0.526,0.437,210,310645827,1
2021-06-15,US,,,0,,,iso1:us,33458397,599990,35599314,424574365,67410,,542555,18492,,85126,58530,3939,,11872,374865165,174674144,145768367,0.017,,4.1,0.99,0.93,0.1,0.13,,0.69,1,0.527,0.44,452,311886674,1
2021-06-16,US,,,0,,,iso1:us,33472808,600414,35612081,425347831,67410,,591568,18288,,85110,58888,3880,,14411,375186675,175053401,146456124,0.017,,3.8,1.06,0.94,0.1,0.13,,0.69,1,0.528,0.442,424,312915170,1
2021-06-17,US,,,0,,,iso1:us,33484995,600702,35624325,426054107,67410,,588002,17652,,84957,58531,3806,,12187,377215060,175867860,147758585,0.017,,3.7,1.1,0.95,0.1,0.13,,0.69,1,0.531,0.446,288,314969386,1
2021-06-18,US,,,0,,,iso1:us,33497695,601171,35636649,426727696,67410,,583551,17616,,84950,58333,3737,,12700,377935390,176290249,148459003,0.017,,3.5,1.16,0.96,0.1,0.12,,0.69,1,0.532,0.448,469,316048776,1
2021-06-19,US,,,0,,,iso1:us,33505275,601340,35646771,427210688,67410,,561575,16970,,84440,56382,3671,,7580,379003410,176737141,149125164,0.018,,3.5,1.17,0.97,0.1,0.12,,0.67,1,0.533,0.45,169,317117797,1
2021-06-20,US,,,0,,,iso1:us,33509338,601430,35654254,427532728,67410,,548385,16995,,84167,54747,3661,,4063,379003410,177088290,149667646,0.018,,3.4,1.21,0.98,0.1,0.11,,0.65,1,0.534,0.452,90,317966408,1
2021-06-21,US,,,0,,,iso1:us,33525182,601718,35664972,428085880,67410,,511934,16866,,84404,55071,3707,,15844,379003410,177342954,150046006,0.018,,3.4,1.2,0.99,0.1,0.11,,0.65,1,0.535,0.453,288,318576441,1
2021-06-22,US,,,0,,,iso1:us,33537943,602150,35678509,428845529,67410,,540651,17028,,84796,57853,3740,,12761,379446660,177635067,150424675,0.018,,3.4,1.19,1.01,0.1,0.12,,0.68,1,0.536,0.454,432,319223844,1
2021-06-23,US,,,0,,,iso1:us,33551974,602548,35692247,429587616,67410,,592099,17159,,85186,58741,3696,,14031,378882200,177948892,150787303,0.019,,3.4,1.19,1.03,0.1,0.12,,0.69,1,0.537,0.455,398,319872053,1
2021-06-24,US,,,0,,,iso1:us,33566669,602903,35705233,430258009,67410,,591100,16863,,85076,58759,3634,,14695,379248700,178331677,151252034,0.019,,3.5,1.16,1.05,0.1,0.12,,0.69,1,0.538,0.456,355,320687205,1
2021-06-25,US,,,0,,,iso1:us,33581632,603361,35719057,430910096,67410,,583403,16887,,84699,57486,3615,,14963,380222670,178491147,151615554,0.019,,3.6,1.12,1.07,0.1,0.12,,0.68,1,0.538,0.457,458,321199379,1
2021-06-26,US,,,0,,,iso1:us,33588423,603487,35730461,431386281,67410,,562163,16766,,84460,56213,3559,,6791,381276030,178873816,152184243,0.02,,3.6,1.14,1.09,0.1,0.11,,0.67,1,0.54,0.459,126,322123103,1
2021-06-27,US,,,0,,,iso1:us,33592510,603583,35740080,431712506,67410,,548980,16403,,84219,54726,3521,,4087,381282720,179261269,153028665,0.02,,3.6,1.13,1.11,0.1,0.11,,0.65,1,0.541,0.462,96,323327328,1
2021-06-28,US,,,0,,,iso1:us,33608058,603744,35753741,432242473,67410,,508660,16481,,84338,55102,3614,,15548,381282720,179615165,153776118,0.021,,3.6,1.14,1.14,0.1,0.11,,0.65,1,0.542,0.464,161,324414371,1
2021-06-29,US,,,0,,,iso1:us,33623787,604123,35770226,432915610,67410,,535680,16950,,84298,57911,3673,,15729,381831830,179940202,154199664,0.022,,3.7,1.1,1.16,0.1,0.12,,0.69,1,0.543,0.465,379,325152847,1
2021-06-30,US,,,0,,,iso1:us,33639764,604446,35787239,433566626,67410,,590311,17176,,85033,58970,3671,,15977,381949830,180674739,154884686,0.023,,3.8,1.07,1.18,0.1,0.12,,0.69,1,0.545,0.467,323,326521526,1
2021-07-01,US,,,0,,,iso1:us,33704723,604693,35804125,434180240,67410,,587916,17200,,84793,58580,3613,,,382283990,181339416,155884601,0.025,,,,1.21,0.1,0.12,,0.69,1,0.547,0.47,247,328152304,1
2021-07-02,US,,,0,,,iso1:us,33725159,604959,35820962,434751342,67410,,580005,17106,,84994,58016,3662,,20436,382636520,181650678,156255896,0.026,,4.0,1.03,1.23,0.1,0.12,,0.68,1,0.548,0.471,266,328809470,1
2021-07-03,US,,,0,,,iso1:us,33729152,605045,35835231,435175267,67410,,554909,16991,,84579,56228,3751,,3993,383067560,182109860,156982549,0.027,,3.8,1.07,1.24,0.1,0.12,,0.66,1,0.549,0.474,86,329970551,1
2021-07-04,US,,,0,,,iso1:us,33732074,605082,35844647,435420262,67410,,538745,17286,,84285,54537,3775,,2922,383068740,182412776,157323738,0.027,,3.8,1.08,1.26,0.1,0.11,,0.65,2,0.55,0.475,37,330604253,1
2021-07-05,US,,,0,,,iso1:us,33736664,605123,35857110,435709209,67410,,491667,17477,,83763,54038,3879,,4590,,,,0.029,,3.2,1.27,1.27,0.1,0.12,,0.65,2,,,41,,1
2021-07-06,US,,,0,,,iso1:us,33763741,605440,35876602,436268165,67410,,507819,18197,,83940,55212,3975,,27077,383068840,182714064,157636088,0.031,,3.8,1.08,1.28,0.1,0.12,,0.66,2,0.551,0.476,317,331214347,1
2021-07-07,US,,,0,,,iso1:us,33793959,605762,35902394,437005726,67410,,582081,19226,,84814,58385,4128,,30218,383068740,182896080,157908171,0.032,,4.5,0.91,1.29,0.1,0.14,,0.69,2,0.552,0.476,322,331651464,1
2021-07-08,US,,,0,,,iso1:us,33843192,606128,35929882,437688777,67410,,590695,19598,,84884,58792,4294,,49233,385495790,183237046,158287566,0.035,,6.0,0.68,1.3,0.1,0.14,,0.69,2,0.553,0.478,366,332345797,1
2021-07-09,US,,,0,,,iso1:us,33878527,606535,35957581,438310973,67410,,589839,19776,,85111,59183,4364,,35335,386058070,183542871,158629431,0.037,,6.6,0.62,1.3,0.1,0.14,,0.7,2,0.554,0.479,407,332966409,1
2021-07-10,US,,,0,,,iso1:us,33886285,606623,35980930,438767373,67410,,571131,20181,,84531,57449,4438,,7758,386985420,183836917,158954417,0.039,,6.8,0.6,1.31,0.1,0.14,,0.68,2,0.555,0.48,88,333565404,1
2021-07-11,US,,,0,,,iso1:us,33891828,606653,36001188,439084641,67410,,558078,20703,,84412,56188,4634,,5543,387006120,184132768,159266536,0.041,,6.9,0.59,1.31,0.1,0.14,,0.67,2,0.555,0.48,30,334151648,1
2021-07-12,US,,,0,,,iso1:us,33927211,606926,36032124,439630704,67410,,520236,21672,,84146,56425,4878,,35383,387006120,184365333,159499224,0.043,,8.2,0.5,1.31,0.1,0.15,,0.67,2,0.556,0.481,273,334600770,1
2021-07-13,US,,,0,,,iso1:us,33968516,607358,36067891,440322506,67410,,542899,22617,,84667,59178,5067,,41305,387241530,184543821,159675163,0.045,,8.8,0.46,1.31,0.1,0.17,,0.7,2,0.557,0.482,432,334942236,1
2021-07-14,US,,,0,,,iso1:us,34006590,607751,36106117,441030710,67410,,599711,23636,,85356,60670,5249,,38074,388295385,184835149,160126516,0.048,,9.2,0.44,1.31,0.1,0.18,,0.71,2,0.558,0.483,393,335487779,1
2021-07-15,US,,,0,,,iso1:us,34042608,608089,36147712,441745110,67410,,600016,24374,,85248,60428,5469,,36018,388738495,185135757,160408538,0.051,,8.6,0.47,1.31,0.1,0.18,,0.71,2,0.559,0.484,338,336054953,1
2021-07-16,US,,,0,,,iso1:us,34094832,608446,36190158,442414999,67410,,595351,25165,,85350,60124,5779,,52224,389359835,185424899,160686378,0.054,,9.3,0.44,1.31,0.1,0.19,,0.7,2,0.559,0.485,357,336604158,1
2021-07-17,US,,,0,,,iso1:us,34107277,608529,36224795,442898888,67410,,576583,25788,,84999,58865,5989,,12445,390100705,185765452,160994035,0.056,,9.5,0.43,1.3,0.1,0.19,,0.69,2,0.56,0.486,83,337239448,1
2021-07-18,US,,,0,,,iso1:us,34116304,608566,36256822,443256962,67410,,563183,26892,,84679,57275,6269,,9027,390100605,186038501,161232483,0.058,,9.7,0.42,1.3,0.1,0.19,,0.68,2,0.561,0.486,37,337740358,1
2021-07-19,US,,,0,,,iso1:us,34175485,608797,36303037,443853902,67410,,524673,28533,,84523,57552,6713,,59181,390174755,186317651,161473715,0.06,,10.7,0.38,1.3,0.1,0.2,,0.68,2,0.562,0.487,231,338247434,2
2021-07-20,US,,,0,,,iso1:us,34237686,609097,36363668,444623653,67410,,548160,30427,,85127,60348,7111,,62201,390735975,186474836,161631676,0.064,,11.6,0.35,1.3,0.1,0.22,,0.71,2,0.563,0.488,300,338491374,2
2021-07-21,US,,,0,,,iso1:us,34297477,609494,36428699,445463646,67410,,603358,31874,,85575,61139,7404,,59791,391248955,186819440,161895045,0.068,,12.5,0.32,1.3,0.1,0.23,,0.71,2,0.564,0.488,397,339102867,2
2021-07-22,US,,,0,,,iso1:us,34362823,609856,36495326,446288475,67410,,602067,33344,,85396,61111,7682,,65346,391998625,187216168,162174165,0.071,,13.8,0.29,1.3,0.1,0.24,,0.72,2,0.565,0.489,362,339763765,2
2021-07-23,US,,,0,,,iso1:us,34445885,610299,36563516,447073512,67410,,598160,34944,,85571,61111,8093,,83062,393929955,187579557,162435276,0.074,,15.1,0.27,1.29,0.1,0.25,,0.71,2,0.566,0.49,443,340363922,2
2021-07-24,US,,,0,,,iso1:us,34467475,610400,36621014,447650364,67410,,578852,36029,,85233,59929,8413,,21590,394936815,187982826,162725812,0.077,,15.5,0.26,1.29,0.1,0.25,,0.7,2,0.567,0.491,101,341039972,2
2021-07-25,US,,,0,,,iso1:us,34481306,610449,36671517,448076946,67410,,567038,38017,,85069,58688,8873,,13831,394948975,188472188,163025726,0.079,,15.7,0.26,1.29,0.1,0.25,,0.69,2,0.569,0.492,49,341818968,2
2021-07-26,US,,,0,,,iso1:us,34574392,610722,36745494,448747207,67410,,534318,40583,,84617,59090,9440,,93086,394949575,188729282,163173366,0.083,,17.2,0.24,1.29,0.1,0.27,,0.7,2,0.569,0.492,273,342212051,2
2021-07-27,US,,,0,,,iso1:us,34681210,611206,36832706,449629087,67410,,557883,43308,,85098,61403,9978,,106818,395460845,188996475,163312474,0.086,,19.1,0.21,1.28,0.1,0.3,,0.72,2,0.57,0.493,484,342607540,2
2021-07-28,US,,,0,,,iso1:us,34766171,611701,36920202,450537248,67410,,606314,45474,,85885,62764,10357,,84961,395974515,189494180,163588042,0.088,,20.2,0.2,1.28,0.1,0.31,,0.73,2,0.572,0.493,495,343361524,2
2021-07-29,US,,,0,,,iso1:us,34864139,612104,37005884,451426751,67410,,604015,47137,,85389,62527,10894,,97968,397464625,189945907,163868916,0.09,,21.6,0.19,1.28,0.1,0.32,,0.73,2,0.573,0.494,403,344071595,2
2021-07-30,US,,,0,,,iso1:us,34986813,612775,35919678,437228456,67410,,600182,48839,,85522,62336,11204,,122674,399090105,190509183,164184080,,,23.3,0.17,1.28,0.1,0.33,,0.73,2,0.575,0.495,671,344928514,2
2021-07-31,US,,,0,,,iso1:us,35016505,612919,35978501,437765882,67410,,598971,48788,,85323,62215,11199,,29692,400675525,190982149,164446964,0.093,,23.7,0.17,1.27,0.1,0.33,,0.73,2,0.576,0.496,144,345640466,2
2021-08-01,US,,,0,,,iso1:us,35039644,612982,,,67410,,,,,,,,,23139,400674525,191498983,164757423,,,24.1,0.17,1.27,0.1,,,,2,0.578,0.497,63,346456669,2
2021-08-02,US,,,0,,,iso1:us,35175974,613440,,,67410,,,,,,,,,136330,400674965,191818585,164919666,,,25.9,0.16,1.27,0.1,,,,3,0.579,0.498,458,346924345,3
2021-08-03,US,,,0,,,iso1:us,35326154,614109,,,67410,,,,,,,,,150180,401229975,192120576,165081416,,,27.8,0.15,1.27,0.1,,,,3,0.58,0.498,669,347377149,3
2021-08-04,US,,,0,,,iso1:us,35438424,614834,,,67410,,,,,,,,,112270,402010455,192614017,165334987,,,29.0,0.14,1.27,0.1,,,,3,0.581,0.499,725,348102478,3
2021-08-05,US,,,0,,,iso1:us,35565532,615408,,,67410,,,,,,,,,127108,403047945,193199353,165637566,,,30.2,0.13,1.27,0.1,,,,3,0.583,0.5,574,348966419,3
2021-08-06,US,,,0,,,iso1:us,,,,,67410,,,,,,,,,,,,,,,,,,,,,,3,,,,,3
